sweep,layout,fleetSize,arrivalRate,variant,alloc,mapf,n,makespan_mean,makespan_std,makespan_max,tasksCompleted_mean,tasksCompleted_std,tasksCompleted_max,tasksUnfinished_mean,tasksUnfinished_std,tasksUnfinished_max,deadlocked_mean,deadlocked_std,deadlocked_max,throughput_mean,throughput_std,throughput_max,meanServiceTime_mean,meanServiceTime_std,meanServiceTime_max,meanWaitTime_mean,meanWaitTime_std,meanWaitTime_max,meanExecTime_mean,meanExecTime_std,meanExecTime_max,sumOfCosts_mean,sumOfCosts_std,sumOfCosts_max,moveActions_mean,moveActions_std,moveActions_max,waitActions_mean,waitActions_std,waitActions_max,conflicts_mean,conflicts_std,conflicts_max,depletionEvents_mean,depletionEvents_std,depletionEvents_max,chargeSessions_mean,chargeSessions_std,chargeSessions_max,holdEvents_mean,holdEvents_std,holdEvents_max,cbsFallbacks_mean,cbsFallbacks_std,cbsFallbacks_max,taskSwaps_mean,taskSwaps_std,taskSwaps_max,epochs_mean,epochs_std,epochs_max,astarCalls_mean,astarCalls_std,astarCalls_max,expansions_mean,expansions_std,expansions_max,plannerMs_mean,plannerMs_std,plannerMs_max,allocMs_mean,allocMs_std,allocMs_max,plannerMsPerTick_mean,plannerMsPerTick_std,plannerMsPerTick_max,utilization_mean,utilization_std,utilization_max,finalMeanSoc_mean,finalMeanSoc_std,finalMeanSoc_max,audit_ticks_mean,audit_ticks_std,audit_ticks_max,audit_robotTicks_mean,audit_robotTicks_std,audit_robotTicks_max,audit_vertexConflicts_mean,audit_vertexConflicts_std,audit_vertexConflicts_max,audit_swapConflicts_mean,audit_swapConflicts_std,audit_swapConflicts_max,audit_illegalMoves_mean,audit_illegalMoves_std,audit_illegalMoves_max,audit_depletions_mean,audit_depletions_std,audit_depletions_max,audit_maxNoProgress_mean,audit_maxNoProgress_std,audit_maxNoProgress_max,audit_maxWaitStreak_mean,audit_maxWaitStreak_std,audit_maxWaitStreak_max,audit_maxTripWaits_mean,audit_maxTripWaits_std,audit_maxTripWaits_max,audit_maxTripDelay_mean,audit_maxTripDelay_std,audit_maxTripDelay_max,audit_maxSlotWait_mean,audit_maxSlotWait_std,audit_maxSlotWait_max,audit_minSoc_mean,audit_minSoc_std,audit_minSoc_max
ablation,warehouse,32,inf,pact,pact,pp,5,663.2,50.321,735,200,0,200,0,0,0,0,0,0,30.2912,2.215,32.2581,287.379,12.135,303.325,220.096,10.3041,234.485,67.283,2.0071,68.84,13456.6,401.4291,13768,14937.2,639.2321,15605,273.8,60.2885,368,0,0,0,0,0,0,11,2.8284,15,4,2.8284,8,0,0,0,0,0,0,262.8,14.3248,284,9281.8,359.2182,9791,553060.6,45504.1574,620065,403.7461,27.3336,437.7853,39.9199,2.6845,42.455,0.6109,0.0547,0.6894,0.6362,0.0373,0.6811,0.427,0.0373,0.4908,663.2,50.321,735,21222.4,1610.271,23520,0,0,0,0,0,0,0,0,0,0,0,0,31.2,13.9893,51,11,1.7321,12,18.2,3.6332,22,63.6,8.3247,72,67.4,53.1959,144,0.0935,0.0085,0.1023
ablation,warehouse,32,inf,pact-noBattery,pact,pp,5,663,49.9049,715,200,0,200,0,0,0,0,0,0,30.3025,2.2702,33.1126,284.845,12.7456,300.56,218.274,11.2912,233.535,66.571,1.9496,68.76,13314.2,389.922,13752,14874.4,694.6174,15569,252.6,20.9595,279,0,0,0,0,0,0,11,2.4495,14,2.8,1.7889,5,0,0,0,0,0,0,263,10.6066,278,9276.4,327.9745,9794,536419,27017.2106,563437,395.4429,16.684,407.987,41.3242,0.6828,42.0654,0.6004,0.0665,0.6692,0.6297,0.0386,0.6652,0.4294,0.0222,0.4663,663,49.9049,715,21216,1596.9571,22880,0,0,0,0,0,0,0,0,0,0,0,0,26.8,13.0077,46,10.4,1.9494,13,19.2,1.9235,22,91.8,39.5689,137,68,52.1872,141,0.0814,0.0293,0.1298
ablation,warehouse,32,inf,hungarian-noBattery,hungarian,pp,5,666,40.6448,720,200,0,200,0,0,0,0,0,0,30.119,1.8235,32.4149,283.386,8.9105,294.065,216.924,7.6585,227.795,66.462,2.0155,68.52,13292.4,403.1089,13704,14884.2,560.21,15388,252.6,32.3775,292,0,0,0,0,0,0,11.2,2.1679,14,3,2.3452,6,0,0,0,0,0,0,265.6,13.8852,281,7950.2,333.5277,8359,514483,45805.521,579602,374.6997,31.9629,418.5066,6.4981,0.436,6.8524,0.5651,0.067,0.6488,0.625,0.0303,0.6538,0.4429,0.0209,0.4754,666,40.6448,720,21312,1300.6337,23040,0,0,0,0,0,0,0,0,0,0,0,0,32.8,13.9176,51,10.4,3.2094,14,18.8,3.1145,22,72.4,14.6731,97,110.8,67.3513,189,0.0858,0.0177,0.1087
ablation,warehouse,32,inf,pact-w10,pact,pp,5,620,40.8289,673,200,0,200,0,0,0,0,0,0,32.3675,2.0769,34.188,260.774,10.9569,274.755,199.466,9.5013,212.9,61.308,1.8995,62.85,12261.6,379.8977,12570,14518.6,618.9174,15155,149.8,7.2595,161,0,0,0,0,0,0,9.4,1.6733,12,1.2,1.3038,3,0,0,0,0,0,0,255.8,13.4239,272,9197.8,417.898,9647,109751.6,3522.1444,115337,115.6984,5.4187,121.6658,21.1137,1.5309,23.2399,0.1868,0.0045,0.1932,0.6197,0.036,0.6635,0.4068,0.0269,0.4342,620,40.8289,673,19840,1306.5252,21536,0,0,0,0,0,0,0,0,0,0,0,0,28.4,8.8769,38,4.2,1.7889,6,11.2,2.7749,15,32,7.1764,44,33.4,31.6117,76,0.0832,0.0122,0.098
ablation,warehouse,32,inf,pact-w30,pact,pp,5,713.4,66.763,805,200,0,200,0,0,0,0,0,0,28.2265,2.5645,31.1042,307.133,15.4504,328.85,235.632,13.4043,255.73,71.501,2.4481,73.805,14300.2,489.6128,14761,15192.4,725.3763,15963,356.8,72.403,405,0,0,0,0,0,0,11.8,3.7014,16,2.8,1.3038,4,0,0,0,0,0,0,275,18.3439,301,9558.8,448.9507,10210,2089627.8,105377.0379,2237861,1390.0212,64.4784,1487.4823,88.6923,10.2926,104.7594,1.9584,0.1567,2.1839,0.6294,0.0413,0.6676,0.4401,0.0426,0.5075,713.4,66.763,805,22828.8,2136.4164,25760,0,0,0,0,0,0,0,0,0,0,0,0,29,13.9104,49,17.4,6.5803,23,24.8,7.791,32,102.6,28.0767,143,125.6,76.2352,207,0.0763,0.0125,0.0892
ablation,warehouse,32,inf,pact-h1,pact,pp,5,664,49.2798,726,200,0,200,0,0,0,0,0,0,30.254,2.2535,33.3333,287.114,12.442,301.525,219.997,10.1803,230.465,67.117,2.6097,71.06,13423.4,521.9471,14212,14858.2,708.225,15444,257.4,33.6868,290,0,0,0,0,0,0,11.4,3.0496,15,4,0.7071,5,0,0,0,0,0,0,664,49.2798,726,20779.8,1191.5342,22224,1230858,83386.9834,1336983,887.8854,46.9883,947.7969,42.0037,2.8555,45.5664,1.3451,0.1484,1.5329,0.634,0.0433,0.6843,0.4329,0.0271,0.475,664,49.2798,726,21248,1576.954,23232,0,0,0,0,0,0,0,0,0,0,0,0,28.6,15.3395,51,12,3.8079,16,20.2,3.6332,25,90.8,76.4899,227,56.2,45.8988,122,0.0885,0.014,0.1056
ablation,warehouse,32,inf,pact-K3,pact,pp,5,664.6,51.2913,725,200,0,200,0,0,0,0,0,0,30.234,2.2804,32.5203,284.704,12.7599,299.395,218.213,10.5656,231.97,66.491,2.5979,69.235,13298.2,519.587,13847,14865.6,733.0381,15565,262.4,28.1389,307,0,0,0,0,0,0,10.8,4.0249,15,1.8,1.7889,4,0,0,0,0,0,0,267.2,15.5306,284,9312.4,454.9185,9865,544300.8,12067.2409,558411,397.0076,7.6407,410.2621,40.8016,2.999,45.4333,0.6005,0.0515,0.6671,0.6275,0.0417,0.6836,0.4409,0.0314,0.4846,664.6,51.2913,725,21267.2,1641.3224,23200,0,0,0,0,0,0,0,0,0,0,0,0,34.8,11.3886,51,13,4.8477,18,20.4,4.6152,25,58.6,17.1552,80,61.4,41.3437,110,0.0937,0.0156,0.1163
ablation,warehouse,32,inf,pact-K12,pact,pp,5,659.8,44.0988,706,200,0,200,0,0,0,0,0,0,30.4203,2.0224,32.7332,283.702,14.2416,304.12,217.194,12.0647,235.605,66.508,2.5681,68.85,13301.6,513.6237,13770,14850.4,572.9121,15414,227.8,33.0333,268,0,0,0,0,0,0,10.4,1.8166,13,2.4,1.1402,4,0,0,0,0,0,0,267.8,10.4259,283,9637.8,357.3174,10209,554045.8,46949.7298,623148,406.3798,31.2192,455.7184,45.3305,4.8274,52.4107,0.6187,0.0726,0.7459,0.631,0.0209,0.6497,0.4217,0.0174,0.4518,659.8,44.0988,706,21113.6,1411.1601,22592,0,0,0,0,0,0,0,0,0,0,0,0,29.2,8.3187,40,8.2,2.5884,11,15.4,2.9665,19,60.2,15.7385,88,84,45.9619,138,0.0857,0.0244,0.1119
ablation,warehouse,32,inf,pact-dock2,pact,pp,5,836.4,52.4385,915,200,0,200,0,0,0,0,0,0,23.9853,1.4628,25.4777,343.809,16.0815,357.795,288.039,14.0211,301.455,55.77,2.2316,57.34,11154,446.3244,11468,15310,614.9967,15869,124.6,14.0107,139,0,0,0,0,0,0,15.8,2.6833,20,1.4,1.1402,3,0,0,0,0,0,0,303.8,12.8141,322,11745.4,293.5384,12137,388005.4,15531.1738,413472,328.4424,5.4248,334.3634,82.3986,3.8151,86.2009,0.3937,0.0215,0.4147,0.4175,0.0215,0.4508,0.5272,0.0441,0.5965,836.4,52.4385,915,26764.8,1678.0331,29280,0,0,0,0,0,0,0,0,0,0,0,0,37.2,14.7885,51,3.4,1.3416,5,5.8,1.3038,8,37.2,7.8867,47,119.8,74.7375,195,0.0898,0.0123,0.1067
ablation,warehouse,32,inf,hungarian-dock2,hungarian,pp,5,849,68.2276,950,200,0,200,0,0,0,0,0,0,23.6748,1.8333,25.641,347.358,16.3187,361.685,291.145,14.1226,303.74,56.213,2.356,58.94,11242.6,471.193,11788,15219.6,795.954,15847,127.4,12.2597,141,0,0,0,0,0,0,16.2,2.5884,19,1,0.7071,2,0,0,0,0,0,0,307.6,17.126,331,9056.6,429.0516,9648,298417.8,23473.259,336074,251.4619,16.1596,279.7669,7.1932,0.5466,7.912,0.2969,0.0169,0.3155,0.415,0.0205,0.4394,0.5389,0.0392,0.605,849,68.2276,950,27168,2183.2819,30400,0,0,0,0,0,0,0,0,0,0,0,0,41.2,9.985,51,4.6,0.5477,5,6.6,0.8944,8,43.2,7.6942,50,114.4,71.1885,168,0.086,0.0154,0.103
ablation,warehouse,32,inf,pact-noEvent,pact,pp,5,671.8,50.3855,734,200,0,200,0,0,0,0,0,0,29.9066,2.2682,33.0579,288.014,12.2667,302.835,221.55,10.2231,235.35,66.464,2.4411,69.23,13292.8,488.2143,13846,15053.2,636.7568,15620,329.2,45.1187,403,0,0,0,0,0,0,10.6,2.9665,14,0.8,0.8367,2,0,0,0,0,0,0,134.4,10.139,147,5482.6,273.3547,5772,267687.6,10804.6357,281499,203.5105,7.115,210.8841,38.3529,2.1826,41.1615,0.3037,0.013,0.319,0.6198,0.0251,0.6496,0.4226,0.03,0.47,671.8,50.3855,734,21497.6,1612.3364,23488,0,0,0,0,0,0,0,0,0,0,0,0,32.8,7.1903,44,9.8,3.5637,15,18.4,4.827,27,55.4,7.3007,66,90.8,51.6401,132,0.0834,0.0257,0.1135
ablation,warehouse,32,inf,hungarian-noEvent,hungarian,pp,5,693.4,41.5367,750,200,0,200,0,0,0,0,0,0,28.925,1.7036,30.722,290.337,13.6268,310.92,223.305,11.9261,242.1,67.032,2.0379,68.82,13406.4,407.5798,13764,15094.6,625.9563,15714,358.6,35.1824,398,0,0,0,0,0,0,11,2.5495,15,1.4,0.5477,2,0,0,0,0,0,0,139.2,8.0747,150,4207.2,183.4971,4478,236308.6,11847.687,250826,180.0069,6.7419,185.1433,5.422,1.2712,7.6528,0.2603,0.0177,0.2792,0.6052,0.0229,0.6245,0.4438,0.0328,0.5005,693.4,41.5367,750,22188.8,1329.1754,24000,0,0,0,0,0,0,0,0,0,0,0,0,37.6,8.961,51,10.4,2.1909,13,18.8,2.3875,21,51,4.8477,56,103.4,55.9446,140,0.0875,0.0187,0.1086
