sweep,layout,fleetSize,arrivalRate,variant,alloc,mapf,n,makespan_mean,makespan_std,makespan_max,tasksCompleted_mean,tasksCompleted_std,tasksCompleted_max,tasksUnfinished_mean,tasksUnfinished_std,tasksUnfinished_max,deadlocked_mean,deadlocked_std,deadlocked_max,throughput_mean,throughput_std,throughput_max,meanServiceTime_mean,meanServiceTime_std,meanServiceTime_max,meanWaitTime_mean,meanWaitTime_std,meanWaitTime_max,meanExecTime_mean,meanExecTime_std,meanExecTime_max,sumOfCosts_mean,sumOfCosts_std,sumOfCosts_max,moveActions_mean,moveActions_std,moveActions_max,waitActions_mean,waitActions_std,waitActions_max,conflicts_mean,conflicts_std,conflicts_max,depletionEvents_mean,depletionEvents_std,depletionEvents_max,chargeSessions_mean,chargeSessions_std,chargeSessions_max,holdEvents_mean,holdEvents_std,holdEvents_max,cbsFallbacks_mean,cbsFallbacks_std,cbsFallbacks_max,cbsBudgetExceeded_mean,cbsBudgetExceeded_std,cbsBudgetExceeded_max,taskSwaps_mean,taskSwaps_std,taskSwaps_max,tpSearchLimitHits_mean,tpSearchLimitHits_std,tpSearchLimitHits_max,tpSwapVetoes_mean,tpSwapVetoes_std,tpSwapVetoes_max,epochs_mean,epochs_std,epochs_max,astarCalls_mean,astarCalls_std,astarCalls_max,expansions_mean,expansions_std,expansions_max,plannerMs_mean,plannerMs_std,plannerMs_max,allocMs_mean,allocMs_std,allocMs_max,plannerMsPerTick_mean,plannerMsPerTick_std,plannerMsPerTick_max,utilization_mean,utilization_std,utilization_max,finalMeanSoc_mean,finalMeanSoc_std,finalMeanSoc_max,audit_ticks_mean,audit_ticks_std,audit_ticks_max,audit_robotTicks_mean,audit_robotTicks_std,audit_robotTicks_max,audit_vertexConflicts_mean,audit_vertexConflicts_std,audit_vertexConflicts_max,audit_swapConflicts_mean,audit_swapConflicts_std,audit_swapConflicts_max,audit_illegalMoves_mean,audit_illegalMoves_std,audit_illegalMoves_max,audit_depletions_mean,audit_depletions_std,audit_depletions_max,audit_maxNoProgress_mean,audit_maxNoProgress_std,audit_maxNoProgress_max,audit_maxWaitStreak_mean,audit_maxWaitStreak_std,audit_maxWaitStreak_max,audit_maxTripWaits_mean,audit_maxTripWaits_std,audit_maxTripWaits_max,audit_maxTripDelay_mean,audit_maxTripDelay_std,audit_maxTripDelay_max,audit_maxWorkTripDelay_mean,audit_maxWorkTripDelay_std,audit_maxWorkTripDelay_max,audit_maxSlotWait_mean,audit_maxSlotWait_std,audit_maxSlotWait_max,audit_minSoc_mean,audit_minSoc_std,audit_minSoc_max
baselines,warehouse,16,inf,warehouse-16-batch/tp,hungarian,pp,30,1927.7333,206.8463,2408,200,0,200,0,0,0,0,0,0,10.4908,1.1287,13.3601,613.9087,26.276,661.21,550.7675,24.6774,595.85,63.1412,1.9219,66.8,12628.2333,384.3773,13360,13493.2333,427.809,14302,31.6,9.0767,55,0,0,0,0,0,0,19.3,1.784,22,0,0,0,0,0,0,0,0,0,0,0,0,0,0,0,0,0,0,0,0,0,444.1333,3.3706,451,18490.2333,1544.0544,22679,460.6259,131.4086,688.4558,0,0,0,0.2415,0.072,0.385,0.4134,0.0409,0.5061,0.6386,0.0449,0.7362,1927.7333,206.8463,2408,30843.7333,3309.5401,38528,0,0,0,0,0,0,0,0,0,0,0,0,52.2,9.6683,64,2.4667,0.8996,5,3.2,1.8458,9,10.6333,5.4928,21,10.6333,5.4928,21,22.1,17.7518,52,0.0637,0.0077,0.0775
baselines,warehouse,16,inf,warehouse-16-batch/tpts,hungarian,pp,30,1642.8667,152.7625,2024,200,0,200,0,0,0,0,0,0,12.274,1.1214,14.8368,562.6687,21.0683,597.15,507.7685,20.1297,539.9,54.9002,1.4591,57.25,10980.0333,291.8227,11450,14864.9333,466.9057,15761,36,7.5658,58,0,0,0,0,0,0,17.6,1.6526,23,0,0,0,0,0,0,0,0,0,178.2333,13.6904,209,0,0,0,0,0,0,0,0,0,23215.7333,1898.6861,27602,812444.3333,76357.9798,1006779,3867.458,592.3734,4847.7604,0,0,0,2.3553,0.3161,2.9254,0.4209,0.0374,0.5039,0.5274,0.0527,0.6158,1642.8667,152.7625,2024,26285.8667,2444.2007,32384,0,0,0,0,0,0,0,0,0,0,0,0,51.5333,9.902,64,2.1333,0.3457,3,2.9333,1.2299,8,6.4333,3.2129,18,6.4333,3.2129,18,51.3333,17.3848,105,0.0792,0.0106,0.101
baselines,warehouse,16,inf,warehouse-16-batch/hungarian,hungarian,pp,30,1133.4333,50.6317,1230,200,0,200,0,0,0,0,0,0,17.6789,0.7751,18.9934,486.7367,18.4417,516.165,421.3913,17.0206,449.065,65.3453,1.8944,68.285,13069.0667,378.8709,13657,13413.8667,426.4952,14200,120.3667,24.6933,174,0,0,0,0,0,0,16,0,16,0.6,0.855,3,0,0,0,0,0,0,0,0,0,0,0,0,0,0,0,367.1,11.186,396,5048.7,170.9967,5473,246420,22161.9429,290489,787.5843,129.7304,1162.6477,49.4392,18.0248,106.5511,0.6951,0.1096,0.9452,0.7214,0.0241,0.7689,0.6648,0.042,0.7403,1133.4333,50.6317,1230,18134.9333,810.1065,19680,0,0,0,0,0,0,0,0,0,0,0,0,24.5,8.8269,48,8,3.3631,17,14.5667,5.3799,24,41.5,8.382,65,41.5,8.382,65,49.1667,43.8769,156,0.0582,0.0155,0.0905
baselines,warehouse,16,inf,warehouse-16-batch/pact,pact,pp,30,1129.1,41.3483,1203,200,0,200,0,0,0,0,0,0,17.736,0.6434,18.8324,486.4478,17.6201,516.13,421.146,16.395,450.355,65.3018,1.8407,68.625,13060.3667,368.1308,13725,13408.3667,394.5952,14158,118.6667,20.8332,159,0,0,0,0,0,0,16,0,16,0.5667,0.7739,2,0,0,0,0,0,0,0,0,0,0,0,0,0,0,0,367.4667,12.1818,391,6239.7,194.9769,6629,275605.7333,19436.6341,320975,787.5618,142.999,1032.8949,129.8163,31.0315,190.4005,0.699,0.1331,0.9334,0.7235,0.0247,0.7699,0.659,0.0354,0.7274,1129.1,41.3483,1203,18065.6,661.5723,19248,0,0,0,0,0,0,0,0,0,0,0,0,26.6,7.713,48,6.7667,3.0364,16,12.6,4.6282,23,40.6667,6.0705,56,40.6667,6.0705,56,52.0667,54.8125,186,0.064,0.0123,0.0894
baselines,warehouse,16,inf,warehouse-16-batch/hungarian-dock1,hungarian,pp,30,1654.0667,167.8024,2047,200,0,200,0,0,0,0,0,0,12.2102,1.2205,15.1745,661.8858,25.5067,719.97,607.3868,24.2947,662.12,54.499,1.5682,57.85,10899.8,313.6345,11570,15177.1667,476.2208,15982,23.7333,5.965,38,0,0,0,0,0,0,16.6,1.0372,20,0.0333,0.1826,1,0,0,0,0,0,0,0,0,0,0,0,0,0,0,0,482.0667,34.3711,563,6895.2,552.2778,8115,97842.6667,4779.3313,109646,419.1623,88.135,570.3649,32.9046,12.987,58.1853,0.256,0.0595,0.3797,0.4153,0.0372,0.5087,0.4833,0.0542,0.6313,1654.0667,167.8024,2047,26465.0667,2684.8386,32752,0,0,0,0,0,0,0,0,0,0,0,0,45.0667,11.0389,64,1.8,0.5509,3,2.2,0.4068,3,27.4,7.3513,44,27.1667,7.6342,44,52.0667,40.2543,152,0.0658,0.0151,0.0988
baselines,warehouse,16,inf,warehouse-16-batch/pact-dock1,pact,pp,30,1643.7333,171.2012,2030,200,0,200,0,0,0,0,0,0,12.2962,1.2899,15.3846,661.677,24.3709,710.285,607.2098,23.3369,654.2,54.4672,1.5046,57.39,10893.4333,300.928,11478,15184.3333,471.5999,16000,24.8667,5.2308,33,0,0,0,0,0,0,16.4667,0.7303,19,0.0667,0.2537,1,0,0,0,0,0,0,0,0,0,0,0,0,0,0,0,477.1333,33.7289,559,8250.5667,597.4803,9614,128950.4333,6142.2521,141510,448.8411,112.3309,651.3195,121.2058,32.9847,186.0202,0.2751,0.073,0.4438,0.4182,0.0417,0.51,0.4815,0.0497,0.6124,1643.7333,171.2012,2030,26299.7333,2739.2195,32480,0,0,0,0,0,0,0,0,0,0,0,0,44.8,12.4441,64,1.7,0.4661,2,2.2,0.4068,3,27.2333,7.2573,50,26.9,7.649,50,56.3667,43.5672,163,0.0703,0.0144,0.1063
baselines,warehouse,32,inf,warehouse-32-batch/tp,hungarian,pp,30,1949.1667,219.2807,2372,200,0,200,0,0,0,0,0,0,10.3863,1.1649,13.459,616.5945,26.3536,668.34,552.8553,24.5888,600.31,63.7392,2.0497,68.03,12747.8333,409.9451,13606,13950.8,574.548,15149,32.5333,7.947,53,0,0,0,0,0,0,25.2,3.1117,30,0,0,0,0,0,0,0,0,0,0,0,0,0,0,0,0,0,0,0,0,0,454.4667,6.1405,464,19384.8,1862.6644,23656,1343.429,1017.9841,6219.7439,0,0,0,0.6761,0.4246,2.6388,0.2066,0.0212,0.2555,0.6138,0.0338,0.695,1949.1667,219.2807,2372,62373.3333,7016.981,75904,0,0,0,0,0,0,0,0,0,0,0,0,56.6667,5.473,64,2.6333,0.8899,5,3.5333,2.0634,9,10.9667,5.8279,23,10.9667,5.8279,23,17.2,17.47,51,0.0597,0.0091,0.0886
baselines,warehouse,32,inf,warehouse-32-batch/tpts,hungarian,pp,30,1468.4,149.4165,1751,200,0,200,0,0,0,0,0,0,13.7556,1.3869,17.301,515.624,16.8554,545.885,466.357,15.9368,494.68,49.267,1.2557,51.66,9853.4,251.1321,10332,16194.6,571.4928,17375,45.0667,7.4507,65,0,0,0,0,0,0,24.1667,2.2907,28,0,0,0,0,0,0,0,0,0,399.5,24.4226,454,0,0,0,0,0,0,0,0,0,92593.1,3153.9337,100013,3210589.0333,136694.0485,3586258,16340.1203,3049.8155,22684.539,0,0,0,11.2097,2.2688,16.3403,0.2117,0.0208,0.2605,0.6144,0.0404,0.6933,1468.4,149.4165,1751,46988.8,4781.3272,56032,0,0,0,0,0,0,0,0,0,0,0,0,52.8,9.5173,64,2.2667,0.4498,3,2.8333,1.1769,8,6.8,3.3466,18,6.8,3.3466,18,81.5,50.442,207,0.0831,0.0143,0.1023
baselines,warehouse,32,inf,warehouse-32-batch/hungarian,hungarian,pp,30,657.3333,55.9639,785,200,0,200,0,0,0,0,0,0,30.6353,2.556,36.4299,283.1,9.7217,302.795,217.6547,8.0151,232.78,65.4453,2.3662,70.015,13089.0667,473.2406,14003,14669.0667,537.251,15927,271.4,31.91,337,0,0,0,0,0,0,10.4333,3.1038,16,3.5,2.5427,10,0,0,0,0,0,0,0,0,0,0,0,0,0,0,0,264.7667,15.3099,295,7954.9333,383.5999,8840,521930.2333,28636.4201,596059,903.4986,131.9063,1206.9183,22.9044,8.5866,60.0867,1.3846,0.2313,1.8342,0.6261,0.0526,0.7513,0.4254,0.0483,0.5218,657.3333,55.9639,785,21034.6667,1790.8436,25120,0,0,0,0,0,0,0,0,0,0,0,0,25.2333,8.165,40,11.0333,2.5795,16,18.4333,3.2022,24,65.8333,22.2231,146,65.8333,22.2231,146,93.1333,67.8669,220,0.0854,0.0169,0.121
baselines,warehouse,32,inf,warehouse-32-batch/pact,pact,pp,30,650.4667,57.4509,776,200,0,200,0,0,0,0,0,0,30.9703,2.6263,36.2976,283.1813,8.8475,303.325,217.5337,7.2347,234.485,65.6477,2.3195,69.475,13129.5333,463.9054,13895,14734.8667,534.2765,15937,274.0667,45.0922,368,0,0,0,0,0,0,10.4667,3.2982,17,4,2.2743,9,0,0,0,0,0,0,0,0,0,0,0,0,0,0,0,260.2,17.0525,293,9211.9,498.9242,10229,561020.7667,35654.3545,626341,928.0822,135.0375,1335.0823,110.8595,22.8538,189.2102,1.4356,0.2363,2.2629,0.635,0.0539,0.7494,0.424,0.0489,0.5506,650.4667,57.4509,776,20814.9333,1838.4278,24832,0,0,0,0,0,0,0,0,0,0,0,0,23,11.7942,51,11.9667,2.8706,17,19.2,3.9601,26,65,15.5608,97,65,15.5608,97,90.0333,73.5309,269,0.0839,0.0208,0.1184
baselines,warehouse,32,inf,warehouse-32-batch/hungarian-dock1,hungarian,pp,30,1433.1667,156.9742,1779,200,0,200,0,0,0,0,0,0,14.1158,1.5301,17.6367,573.5443,17.1478,609.76,525.8102,16.1986,560.92,47.7342,1.2414,50.235,9546.8333,248.2829,10047,15152.4333,522.5125,16245,29.7333,5.9592,42,0,0,0,0,0,0,19.7333,2.2733,25,0,0,0,0,0,0,0,0,0,0,0,0,0,0,0,0,0,0,435.4667,29.9076,500,13014.6,931.5899,15041,106887.1,5979.5813,119962,317.6967,90.3389,591.8333,21.3221,7.6528,44.7155,0.2249,0.0722,0.4466,0.2104,0.0218,0.2585,0.5452,0.0326,0.6203,1433.1667,156.9742,1779,45861.3333,5023.1747,56928,0,0,0,0,0,0,0,0,0,0,0,0,42.8333,12.0203,64,1.9,0.3051,2,2.2333,0.4302,3,27.7667,5.7336,40,27.2667,6.3622,40,31.2,34.0308,115,0.0913,0.0087,0.1121
baselines,warehouse,32,inf,warehouse-32-batch/pact-dock1,pact,pp,30,1431.5333,162.0908,1776,200,0,200,0,0,0,0,0,0,14.1432,1.5877,18.0343,573.8237,18.4628,618.76,526.072,17.5118,568.155,47.7517,1.2068,50.605,9550.3333,241.3514,10121,15158.6333,571.325,16355,29.8333,6.8284,47,0,0,0,0,0,0,19.1333,2.4457,23,0,0,0,0,0,0,0,0,0,0,0,0,0,0,0,0,0,0,435.7333,32.1118,510,17569.1667,1042.3393,19808,208787.1,9614.78,226476,557.5413,115.5139,812.6708,258.3793,55.5166,388.011,0.3921,0.0816,0.573,0.2108,0.0224,0.2638,0.5328,0.0332,0.6003,1431.5333,162.0908,1776,45809.0667,5186.9058,56832,0,0,0,0,0,0,0,0,0,0,0,0,41.5,11.5303,64,1.9,0.3051,2,2.1333,0.3457,3,28.6667,8.5916,59,28.1333,9.0734,59,28.0333,26.3942,83,0.0928,0.0097,0.1084
baselines,warehouse,16,0.15,warehouse-16-poisson/tp,hungarian,pp,30,2024.2333,181.1322,2477,200,0,200,0,0,0,0,0,0,9.9568,0.8914,11.8765,201.3032,30.5253,263.995,136.7655,29.8886,198.175,64.5377,1.6533,67.51,12907.5333,330.6597,13502,14719.7667,421.7683,15500,18.9333,4.1517,27,0,0,0,0,0,0,21,1.742,25,0,0,0,0,0,0,0,0,0,0,0,0,0,0,0,0,0,0,0,0,0,466.0333,7.536,478,17628.0333,832.554,20013,119.8749,26.102,198.4895,0,0,0,0.0592,0.0117,0.0908,0.4015,0.0361,0.4863,0.6277,0.0482,0.7493,2024.2333,181.1322,2477,32387.7333,2898.1152,39632,0,0,0,0,0,0,0,0,0,0,0,0,52.3,9.4034,64,1.5,0.5724,3,2.1667,0.4611,4,3.7,0.7944,5,3.7,0.7944,5,30.0667,18.1392,56,0.0635,0.0105,0.0863
baselines,warehouse,16,0.15,warehouse-16-poisson/tpts,hungarian,pp,30,1718.5,123.8138,1986,200,0,200,0,0,0,0,0,0,11.6962,0.8373,13.21,135.6742,24.7111,196.48,82.7535,24.0497,142.445,52.9207,1.3544,55.335,10584.1333,270.8758,11067,15936.8667,436.7459,16684,28.0333,6.3598,44,0,0,0,0,0,0,18.2,1.3235,22,0,0,0,0,0,0,0,0,0,323.4667,42.8564,450,0,0,0,0,0,0,0,0,0,23991.1,3066.8632,30707,793990.9,102762.264,987335,2445.4381,341.7936,3017.8446,0,0,0,1.4212,0.1562,1.904,0.3869,0.0305,0.4457,0.4754,0.0455,0.5616,1718.5,123.8138,1986,27496,1981.02,31776,0,0,0,0,0,0,0,0,0,0,0,0,46.5,12.6757,62,1.6667,0.6609,3,2.1,0.4026,3,3.8333,0.7915,5,3.8333,0.7915,5,46.7,11.8588,86,0.0861,0.0133,0.1095
baselines,warehouse,16,0.15,warehouse-16-poisson/hungarian,hungarian,pp,30,1434.2667,91.8345,1650,200,0,200,0,0,0,0,0,0,13.999,0.8849,15.748,74.2785,14.7697,118.365,15.2852,13.7899,56.94,58.9933,2.3471,63.145,11798.6667,469.417,12629,15125.9333,496.3275,16101,123.7667,24.2539,173,0,0,0,0,0,0,16.1667,0.379,17,0.2333,0.504,2,0,0,0,0,0,0,0,0,0,0,0,0,0,0,0,369.6667,19.5384,421,5200.9333,276.9268,5909,182614.7,22513.9452,232536,338.0269,40.5099,427.3271,19.0178,6.0934,36.6688,0.2373,0.0363,0.3106,0.5167,0.0455,0.5942,0.5106,0.0489,0.6201,1434.2667,91.8345,1650,22948.2667,1469.3525,26400,0,0,0,0,0,0,0,0,0,0,0,0,25.8,7.823,53,8.4333,3.0136,15,15.8333,4.7567,24,39.7667,8.589,69,39.7667,8.589,69,66.6333,53.3398,206,0.0679,0.0213,0.1084
baselines,warehouse,16,0.15,warehouse-16-poisson/pact,pact,pp,30,1433.4667,90.0918,1650,200,0,200,0,0,0,0,0,0,14.0047,0.8667,15.6986,73.3658,13.6998,115.54,14.3913,12.5692,54.12,58.9745,2.3671,63.29,11794.9,473.4175,12658,15164.5,500.2295,16050,117.6,22.7165,158,0,0,0,0,0,0,16.0667,0.2537,17,0.3333,0.5467,2,0,0,0,0,0,0,0,0,0,0,0,0,0,0,0,369.6,17.9013,418,6430.8667,346.0046,7132,210428.2,23519.3074,271863,387.6197,32.9039,465.0681,76.7459,8.6908,94.0475,0.2717,0.0314,0.3416,0.5168,0.0463,0.6021,0.509,0.0479,0.5963,1433.4667,90.0918,1650,22935.4667,1441.4689,26400,0,0,0,0,0,0,0,0,0,0,0,0,25.6,6.7905,44,7.6,2.6077,13,13.6,4.9172,24,39.8667,8.4639,68,39.8,8.6079,68,55.1667,48.036,169,0.0682,0.0207,0.1232
baselines,warehouse,16,0.15,warehouse-16-poisson/hungarian-dock1,hungarian,pp,30,1747.3,141.129,2032,200,0,200,0,0,0,0,0,0,11.517,0.9095,12.9534,161.9962,36.7223,254.955,108.8048,36.0497,200.29,53.1913,1.5578,56.34,10638.2667,311.5566,11268,15517.2,419.7113,16225,23.3667,5.3787,34,0,0,0,0,0,0,17.1667,1.1167,20,0.0333,0.1826,1,0,0,0,0,0,0,0,0,0,0,0,0,0,0,0,500.1,29.7291,565,7199.1333,456.5858,8129,95086.8667,4573.4104,108239,245.0776,17.1715,286.6652,15.5915,3.3874,24.5044,0.1409,0.0124,0.1579,0.3829,0.0322,0.4422,0.4573,0.0401,0.5356,1747.3,141.129,2032,27956.8,2258.0637,32512,0,0,0,0,0,0,0,0,0,0,0,0,42.4667,10.7951,60,1.7667,0.504,3,2.2333,0.4302,3,27.7,6.8236,46,27,7.4741,46,46.8667,42.5333,188,0.0777,0.0168,0.1207
baselines,warehouse,16,0.15,warehouse-16-poisson/pact-dock1,pact,pp,30,1732.1,136.4416,2034,200,0,200,0,0,0,0,0,0,11.6143,0.8913,13.0719,160.3422,37.164,255.855,107.2928,36.3316,201.035,53.0493,1.4626,56.14,10609.8667,292.5229,11228,15502.7,417.1818,16085,24.2,4.5743,33,0,0,0,0,0,0,16.9667,1.0334,20,0.0333,0.1826,1,0,0,0,0,0,0,0,0,0,0,0,0,0,0,0,497,29.6555,566,8776.5,524.3577,9930,128920.4333,5761.3012,142518,315.033,30.2743,383.4882,90.8481,9.6009,111.9261,0.1828,0.0215,0.2309,0.385,0.0308,0.4483,0.457,0.0435,0.5423,1732.1,136.4416,2034,27713.6,2183.065,32544,0,0,0,0,0,0,0,0,0,0,0,0,40.5,11.1348,57,1.7333,0.4498,2,2.1333,0.3457,3,26.5,7.6733,43,26.2667,7.8474,43,40.7,36.2731,128,0.0781,0.0149,0.0996
baselines,console,16,inf,console-16-batch/tp,hungarian,pp,30,2146.9667,200.4731,2568,200,0,200,0,0,0,0,0,0,9.391,0.8406,10.6553,729.8167,22.9228,777.295,679.4967,21.9308,724.65,50.32,1.1676,52.645,10064,233.5185,10529,10299.9,255.1391,10723,26.8,6.2939,40,0,0,0,0,0,0,17.4,1.1919,20,0,0,0,0,0,0,0,0,0,0,0,0,0,0,0,0,0,0,0,0,0,438.3,2.4516,443,13474.4,905.2041,15878,311.6901,17.0126,350.2455,0,0,0,0.1461,0.0129,0.1754,0.2952,0.0252,0.3374,0.6399,0.039,0.6953,2146.9667,200.4731,2568,34351.4667,3207.5703,41088,0,0,0,0,0,0,0,0,0,0,0,0,42.6,5.373,48,2.1333,0.3457,3,2.8,0.5509,4,5.7333,2.0667,12,5.7333,2.0667,12,4.9333,9.5518,35,0.0979,0.0133,0.1328
baselines,console,16,inf,console-16-batch/tpts,hungarian,pp,30,1902.2,162.4904,2253,200,0,200,0,0,0,0,0,0,10.5854,0.8672,12.0265,682.1917,19.7505,721.7,636.7205,18.9545,674.93,45.4712,0.9294,47.085,9094.2333,185.8753,9417,11540.3667,282.4713,12136,31.7,5.9082,42,0,0,0,0,0,0,15.7333,1.484,19,0,0,0,0,0,0,0,0,0,190.2,12.2542,213,0,0,0,0,0,0,0,0,0,52207.0667,2000.547,56694,1634579.2667,94676.344,1864937,4556.4115,278.5956,5111.7761,0,0,0,2.4074,0.1968,2.7887,0.3007,0.0239,0.3447,0.5131,0.0461,0.5955,1902.2,162.4904,2253,30435.2,2599.8464,36048,0,0,0,0,0,0,0,0,0,0,0,0,41.3667,6.403,48,2.0333,0.1826,3,2.8,0.4842,4,5.2333,2.2997,13,4.9,1.8071,10,28.8,14.6061,60,0.1141,0.0084,0.1285
baselines,console,16,inf,console-16-batch/hungarian,hungarian,pp,30,985.4667,62.2757,1111,200,0,200,0,0,0,0,0,0,20.3718,1.2606,22.9095,412.861,11.9409,439.86,356.8313,11.2429,382.575,56.0297,1.3062,58.99,11205.9333,261.2346,11798,10927.8667,288.7091,11543,250.7,39.4856,332,0,0,0,0,0,0,14.9667,1.2452,16,1.8333,1.7036,7,0,0,0,0,0,0,0,0,0,0,0,0,0,0,0,338.1667,16.1418,363,4628.5667,221.2541,5132,338557.2333,31013.5574,405274,495.1055,48.2164,593.7976,15.6772,2.6528,22.2565,0.5045,0.0597,0.6319,0.7132,0.0448,0.797,0.6828,0.0516,0.7527,985.4667,62.2757,1111,15767.4667,996.4105,17776,0,0,0,0,0,0,0,0,0,0,0,0,25.3667,7.5406,40,12.0333,3.1126,16,20.4667,3.4214,25,43.9333,6.1864,58,43.9333,6.1864,58,122.1,79.2701,332,0.087,0.0184,0.1211
baselines,console,16,inf,console-16-batch/pact,pact,pp,30,982.3333,72.0629,1114,200,0,200,0,0,0,0,0,0,20.4649,1.4889,23.9808,411.8238,12.6062,447.035,356.1452,11.77,388.49,55.6787,1.3202,58.545,11135.7333,264.0339,11709,10913.2333,333.2325,11838,234.6667,33.7039,294,0,0,0,0,0,0,14.9667,1.6078,16,1.6667,1.1547,5,0,0,0,0,0,0,0,0,0,0,0,0,0,0,0,338.7,15.5123,372,5534.5,223.3566,6108,356484.5,22186.3438,404974,529.6698,35.8833,588.5489,59.8708,5.1572,69.1478,0.542,0.0545,0.662,0.7117,0.0484,0.8309,0.6832,0.0625,0.767,982.3333,72.0629,1114,15717.3333,1153.0059,17824,0,0,0,0,0,0,0,0,0,0,0,0,23.3,7.8308,37,11.1333,3.4614,16,19.4333,4.6214,27,45.1667,8.5625,70,45.1667,8.5625,70,96.3667,64.5897,285,0.0904,0.017,0.1168
baselines,console,16,inf,console-16-batch/hungarian-dock1,hungarian,pp,30,1902.0667,170.856,2278,200,0,200,0,0,0,0,0,0,10.5934,0.9085,11.9048,793.586,19.1944,838.09,748.1143,18.4272,791.275,45.4717,0.9701,47.045,9094.3333,194.0223,9409,11578.5333,323.5191,12199,21.5667,4.0826,34,0,0,0,0,0,0,14.7,1.4657,18,0,0,0,0,0,0,0,0,0,0,0,0,0,0,0,0,0,0,531.5333,37.3601,616,7885.6333,556.4362,9106,59959.5,2597.3217,64716,166.1434,14.2234,198.1872,12.5402,1.4638,17.4608,0.0879,0.0097,0.1176,0.3009,0.0248,0.3415,0.4676,0.0365,0.5294,1902.0667,170.856,2278,30433.0667,2733.6967,36448,0,0,0,0,0,0,0,0,0,0,0,0,35.5,7.4637,48,1.5667,0.504,2,2.1,0.4026,3,18.5,4.6591,31,18.5,4.6591,31,20.5333,27.8602,130,0.1195,0.0108,0.1399
baselines,console,16,inf,console-16-batch/pact-dock1,pact,pp,30,1903.4667,176.5594,2277,200,0,200,0,0,0,0,0,0,10.5918,0.9491,12.2474,792.948,19.5949,844.995,747.4837,18.8524,798.04,45.4643,0.9511,46.955,9092.8667,190.22,9391,11595.2667,288.1228,12111,22.2333,4.8472,36,0,0,0,0,0,0,15.0333,1.6914,19,0,0,0,0,0,0,0,0,0,0,0,0,0,0,0,0,0,0,531.0333,36.2791,615,9916.9667,565.2968,11193,104449.7333,2636.9379,109858,275.3807,20.9406,322.1676,112.8456,10.1808,137.2406,0.1459,0.0172,0.1801,0.3008,0.0254,0.3478,0.4823,0.035,0.5615,1903.4667,176.5594,2277,30455.4667,2824.9505,36432,0,0,0,0,0,0,0,0,0,0,0,0,34.1,8.3886,48,1.5333,0.5074,2,2.1,0.3051,3,18.6,3.9357,32,18.4667,3.9891,32,13.6667,17.895,74,0.1186,0.0101,0.1377
baselines,narrow,16,inf,narrow-16-batch/tp,hungarian,pp,30,2551.3667,195.8406,2924,200,0,200,0,0,0,0,0,0,7.8835,0.6022,8.9166,856.4008,31.1519,929.825,795.3047,29.7928,865.255,61.0962,1.6552,65.48,12219.2333,331.0327,13096,13043.1667,381.5826,14043,38.0333,8.4343,61,0,0,0,0,0,0,21.2667,1.388,24,0,0,0,0,0,0,0,0,0,0,0,0,0,0,0,0,0,0,0,0,0,445.8667,2.9212,450,26690.0667,3589.2515,35118,355.5261,19.9378,391.3098,0,0,0,0.1399,0.0103,0.1634,0.301,0.0234,0.347,0.6431,0.0297,0.6976,2551.3667,195.8406,2924,40821.8667,3133.45,46784,0,0,0,0,0,0,0,0,0,0,0,0,52.4333,4.3997,58,2.2667,0.5208,3,3.8667,1.1059,7,14.2333,2.3735,19,14.2333,2.3735,19,13.6,17.1356,53,0.063,0.008,0.0768
baselines,narrow,16,inf,narrow-16-batch/tpts,hungarian,pp,30,2030.1667,140.4444,2331,200,0,200,0,0,0,0,0,0,9.8973,0.6886,11.4613,747.309,22.0804,787.705,697.9662,21.2501,736.44,49.3428,1.091,52.28,9868.5667,218.1927,10456,15265.4,546.4035,16506,44.5,8.924,63,0,0,0,0,0,0,19.4333,1.6121,23,0,0,0,0,0,0,0,0,0,262.9333,20.357,318,0,0,0,0,0,0,0,0,0,35673.7,1538.2835,40040,1155529.4333,79303.5562,1345006,3039.6807,196.3073,3521.6134,0,0,0,1.5014,0.106,1.7179,0.3051,0.0203,0.3439,0.4994,0.0485,0.6026,2030.1667,140.4444,2331,32482.6667,2247.1102,37296,0,0,0,0,0,0,0,0,0,0,0,0,50.2333,7.089,58,2.1333,0.4342,4,3.5667,1.1943,7,13.7667,3.5398,21,13.7667,3.5398,21,44.3,9.1129,59,0.0952,0.0096,0.1134
baselines,narrow,16,inf,narrow-16-batch/hungarian,hungarian,pp,30,1212.5,56.4622,1344,200,0,200,0,0,0,0,0,0,16.5289,0.7578,18.018,531.694,19.4618,569.005,464.3187,18.5009,501.405,67.3753,1.6943,71.06,13475.0667,338.8647,14212,14048.0667,326.9236,14637,204.8667,29.4873,285,0,0,0,0,0,0,16,0,16,2.2,1.71,9,0,0,0,0,0,0,0,0,0,0,0,0,0,0,0,389.2667,13.0329,426,5389.7,210.7084,5976,309533.5333,20337.4843,351131,454.0747,32.241,539.7829,15.221,3.8282,25.6616,0.3752,0.0312,0.4465,0.6959,0.034,0.7538,0.6197,0.0433,0.7103,1212.5,56.4622,1344,19400,903.3956,21504,0,0,0,0,0,0,0,0,0,0,0,0,26.4667,9.4531,48,9.2,2.8089,15,17.4333,3.7202,24,73.4333,31.3442,155,73.4333,31.3442,155,55.4667,49.4241,185,0.0659,0.0111,0.0844
baselines,narrow,16,inf,narrow-16-batch/pact,pact,pp,30,1211.2333,62.6108,1349,200,0,200,0,0,0,0,0,0,16.5541,0.8422,18.0343,531.6742,19.2782,563.835,464.2927,18.298,497.85,67.3815,1.7314,71.035,13476.3,346.2887,14207,14044.1667,343.4117,14802,210,27.9421,279,0,0,0,0,0,0,16,0,16,2.7333,1.964,9,0,0,0,0,0,0,0,0,0,0,0,0,0,0,0,388.3667,15.4975,421,6350.5333,261.4491,6916,347437.5333,16142.5838,391953,525.6752,30.7605,608.6355,77.2339,5.6067,88.3853,0.4351,0.0332,0.4857,0.697,0.0373,0.7583,0.6202,0.0438,0.7121,1211.2333,62.6108,1349,19379.7333,1001.7733,21584,0,0,0,0,0,0,0,0,0,0,0,0,26.9667,9.2531,44,9.8,3.1117,16,17.4,3.6065,25,69.3667,24.3841,152,69.3667,24.3841,152,63.5,60.1634,193,0.0595,0.0136,0.0893
baselines,narrow,16,inf,narrow-16-batch/hungarian-dock1,hungarian,pp,30,1980.1,149.8158,2304,200,0,200,0,0,0,0,0,0,10.156,0.7623,11.7302,848.1818,23.4585,895.515,800.0482,22.6049,845.135,48.1337,1.113,50.625,9626.7333,222.5975,10125,14975.3667,426.7629,15993,31.9,5.8507,44,0,0,0,0,0,0,18.1667,1.6418,21,0.1333,0.3457,1,0,0,0,0,0,0,0,0,0,0,0,0,0,0,0,549.6333,29.6107,617,8012.5333,448.0311,9035,97341,5374.1904,105530,221.6971,15.1145,251.4269,12.0362,0.8595,13.6639,0.1125,0.011,0.1332,0.3054,0.0226,0.3492,0.4708,0.0406,0.5389,1980.1,149.8158,2304,31681.6,2397.0533,36864,0,0,0,0,0,0,0,0,0,0,0,0,42.6,10.1798,58,2.5333,1.2521,6,2.8333,1.2888,7,33.7333,8.5296,55,33.7333,8.5296,55,19.6667,26.3168,101,0.0887,0.0145,0.123
baselines,narrow,16,inf,narrow-16-batch/pact-dock1,pact,pp,30,1973.8,147.8973,2248,200,0,200,0,0,0,0,0,0,10.1881,0.7674,11.8203,845.3852,23.438,896.14,797.3815,22.6017,845.265,48.0037,1.045,50.875,9600.7333,209.0017,10175,15058.5,432.7594,16236,29.9333,6.3731,46,0,0,0,0,0,0,18.1667,1.5775,21,0.1333,0.3457,1,0,0,0,0,0,0,0,0,0,0,0,0,0,0,0,548.3667,30.9343,604,9931.4,483.5766,10807,141995.5667,5833.7467,154240,304.2489,23.2712,337.6827,102.2554,9.1128,118.5909,0.1548,0.015,0.1859,0.3055,0.0222,0.3509,0.4797,0.0461,0.547,1973.8,147.8973,2248,31580.8,2366.3569,35968,0,0,0,0,0,0,0,0,0,0,0,0,43.7,9.3372,58,2.1333,0.9371,5,2.4667,1.2243,7,35.4667,11.8808,81,35.3333,12.064,81,26.2667,35.7259,147,0.0862,0.0143,0.1139
