layout,fleetSize,numTasks,arrivalRate,seed,alloc,mapf,window,period,wBattery,makespan,tasksCompleted,tasksUnfinished,deadlocked,throughput,meanServiceTime,meanWaitTime,meanExecTime,sumOfCosts,moveActions,waitActions,conflicts,depletionEvents,chargeSessions,holdEvents,cbsFallbacks,epochs,astarCalls,expansions,plannerMs,allocMs,plannerMsPerTick,utilization,finalMeanSoc,sweep,variant,wallMs
warehouse,8,200,0.15,1,greedy,pp,20,5,1,2181,200,0,0,9.170105456212747,310.185,243.825,66.36,13272,13365,38,0,0,16,0,0,596,4106,126936,155.96658100000045,11.606294000000076,0.07151149977074757,0.7606602475928473,0.6720856920069818,main,greedy,165.866165
warehouse,8,200,0.15,2,greedy,pp,20,5,1,2191,200,0,0,9.128251939753538,378.04,312.26,65.78,13156,13342,61,0,0,16,0,0,591,4085,139519,134.14059300000065,8.115292999999042,0.061223456412597285,0.7505705157462346,0.6601667567332314,main,greedy,140.551354
warehouse,8,200,0.15,3,greedy,pp,20,5,1,2105,200,0,0,9.501187648456057,273.96,211.075,62.885,12577,12791,43,0,0,16,0,0,571,3874,108572,115.27441799999991,7.518522000000075,0.054762193824227985,0.7468527315914489,0.6595703184639372,main,greedy,119.21436700000004
warehouse,8,200,0.15,4,greedy,pp,20,5,1,2102,200,0,0,9.514747859181732,370.59,307.795,62.795,12559,12731,54,0,0,16,0,0,566,3886,136335,118.18396299999961,6.785530000000108,0.056224530447192965,0.746848239771646,0.6398211564639854,main,greedy,120.74739499999998
warehouse,8,200,0.15,5,greedy,pp,20,5,1,2161,200,0,0,9.254974548819991,227.05,163.67,63.38,12676,13357,31,0,0,16,0,0,569,3940,125363,114.78129600000045,6.0909650000033935,0.0531148986580289,0.7332253586302637,0.6301605385232516,main,greedy,117.33972900000003
warehouse,8,200,0.15,1,hungarian,pp,20,5,1,2176,200,0,0,9.191176470588236,308.535,242.655,65.88,13176,13377,34,0,0,16,0,0,581,3981,109884,108.34302699999989,7.8160119999993185,0.049789994025735244,0.7568933823529411,0.6842356920069818,main,hungarian,111.20826399999999
warehouse,8,200,0.15,2,hungarian,pp,20,5,1,2204,200,0,0,9.074410163339383,373.815,307.76,66.055,13211,13387,49,0,0,16,0,0,594,4043,150619,133.49195299999735,7.418955999999525,0.06056803675135996,0.7492627041742287,0.6413667567332316,main,hungarian,136.30074100000002
warehouse,8,200,0.15,3,hungarian,pp,20,5,1,2128,200,0,0,9.398496240601503,291.795,227.81,63.985,12797,12956,59,0,0,16,0,0,584,4012,147515,131.48550299999897,6.812897000001158,0.0617883002819544,0.751703477443609,0.6267703184639373,main,hungarian,134.33557099999985
warehouse,8,200,0.15,4,hungarian,pp,20,5,1,2050,200,0,0,9.75609756097561,358.105,295.8,62.305,12461,12640,60,0,0,16,0,0,572,3940,135800,128.669437999999,7.470546999998987,0.06276557951219464,0.7598170731707317,0.5741711564639849,main,hungarian,131.23390699999982
warehouse,8,200,0.15,5,hungarian,pp,20,5,1,2179,200,0,0,9.178522257916475,234.95,171.04,63.91,12782,13382,49,0,0,16,0,0,567,3920,131204,109.57239200000026,5.153441999996858,0.050285631941257576,0.7332491968793025,0.6546105385232519,main,hungarian,112.26348899999994
warehouse,8,200,0.15,1,pact-proxy,pp,20,5,1,2183,200,0,0,9.161704076958314,312.855,246.975,65.88,13176,13378,36,0,0,16,0,0,582,4022,114768,107.76588300000253,9.837727999999288,0.049365956481906795,0.7544663307375172,0.668435692006982,main,pact-proxy,110.20531400000004
warehouse,8,200,0.15,2,pact-proxy,pp,20,5,1,2196,200,0,0,9.107468123861567,364.65,299.625,65.025,13005,13400,51,0,0,16,0,0,592,4072,129703,114.8438699999997,9.131316000004972,0.052296844262294945,0.7402663934426229,0.6553167567332314,main,pact-proxy,117.26267300000018
warehouse,8,200,0.15,3,pact-proxy,pp,20,5,1,2145,200,0,0,9.324009324009324,294.72,230.325,64.395,12879,13037,71,0,0,16,0,0,586,4018,151106,128.4849600000009,9.63471900000036,0.05989974825174867,0.7505244755244755,0.6185203184639374,main,pact-proxy,130.97425500000008
warehouse,8,200,0.15,4,pact-proxy,pp,20,5,1,2075,200,0,0,9.63855421686747,369.115,306.26,62.855,12571,12740,85,0,0,16,0,0,571,3953,149533,124.63128800000231,9.241810999997824,0.06006327132530232,0.757289156626506,0.5897211564639852,main,pact-proxy,126.99682900000016
warehouse,8,200,0.15,5,pact-proxy,pp,20,5,1,2187,200,0,0,9.144947416552355,233.22,169.84,63.38,12676,13407,54,0,0,16,0,0,582,4004,131089,112.41946600000188,6.884149999996225,0.051403505258345625,0.7245084590763603,0.6277605385232521,main,pact-proxy,114.94520699999975
warehouse,8,200,0.15,1,pact,pp,20,5,1,2189,200,0,0,9.136592051164916,310.215,244.045,66.17,13234,13386,37,0,0,16,0,0,581,5090,148338,127.53478299999506,26.196483999998236,0.05826166423023986,0.755710370031978,0.7008856920069818,main,pact,130.431826
warehouse,8,200,0.15,2,pact,pp,20,5,1,2209,200,0,0,9.053870529651427,373.115,307.425,65.69,13138,13444,50,0,0,16,0,0,598,5222,155426,133.43448999999555,27.07202599999664,0.06040492983250138,0.7434359438660028,0.6307667567332317,main,pact,135.90989799999988
warehouse,8,200,0.15,3,pact,pp,20,5,1,2136,200,0,0,9.363295880149813,291.76,228.27,63.49,12698,13004,56,0,0,16,0,0,586,5122,165625,139.08441300001004,28.971569999996518,0.06511442556180246,0.7430945692883895,0.6262203184639373,main,pact,141.50248699999975
warehouse,8,200,0.15,4,pact,pp,20,5,1,2061,200,0,0,9.70402717127608,364.005,301.335,62.67,12534,12710,62,0,0,16,0,0,564,5024,159901,131.5669009999947,26.18606200000113,0.06383643910722692,0.7601892285298398,0.608521156463985,main,pact,133.85989900000004
warehouse,8,200,0.15,5,pact,pp,20,5,1,2171,200,0,0,9.212344541685859,234.055,169.92,64.135,12827,13384,41,0,0,16,0,0,573,4915,142976,120.80987900000173,22.62275199999658,0.05564711146936975,0.7385421464762782,0.6254605385232518,main,pact,123.25414900000033
warehouse,8,200,inf,1,greedy,pp,20,5,1,2168,200,0,0,9.22509225092251,993.325,927.545,65.78,13156,13487,44,0,0,16,0,0,590,4032,133785,112.71017200000551,5.60778799999116,0.0519880867158697,0.7585332103321033,0.6644356920069813,main,greedy,115.1450460000001
warehouse,8,200,inf,2,greedy,pp,20,5,1,2153,200,0,0,9.289363678588018,973.965,908.22,65.745,13149,13384,49,0,0,16,0,0,590,4085,131836,111.54951300000539,4.667614999998477,0.051811199721321595,0.7634115188109615,0.6525167567332305,main,greedy,113.7963050000003
warehouse,8,200,inf,3,greedy,pp,20,5,1,2182,200,0,0,9.165902841429881,965.24,899.525,65.715,13143,13397,57,0,0,16,0,0,593,4071,132659,110.2393669999974,4.901865000005273,0.05052216636113538,0.7529216315307058,0.5907203184639371,main,greedy,112.36791799999992
warehouse,8,200,inf,4,greedy,pp,20,5,1,2014,200,0,0,9.930486593843098,926.315,865.03,61.285,12257,12468,41,0,0,16,0,0,553,3784,136318,109.32144199999675,4.957845000008092,0.054280755710028175,0.7607373386295928,0.6174211564639845,main,greedy,111.56600799999978
warehouse,8,200,inf,5,greedy,pp,20,5,1,2047,200,0,0,9.770395701025892,957.725,895.035,62.69,12538,12689,37,0,0,16,0,0,568,3905,114882,98.86652999999433,4.482739999994465,0.048298255984364595,0.7656326331216414,0.744460538523251,main,greedy,100.87548599999991
warehouse,8,200,inf,1,hungarian,pp,20,5,1,2149,200,0,0,9.306654257794323,993.585,927.46,66.125,13225,13393,59,0,0,16,0,0,570,3926,131168,110.18499000000838,5.2724040000025525,0.05127268031643015,0.769253140995812,0.681535692006981,main,hungarian,112.27360799999997
warehouse,8,200,inf,2,hungarian,pp,20,5,1,2177,200,0,0,9.186954524575103,978.85,912.8,66.05,13210,13417,77,0,0,16,1,0,602,4152,169673,136.16917400000648,6.1634789999966415,0.0625490004593507,0.7584979329352319,0.658716756733231,main,hungarian,138.70041200000014
warehouse,8,200,inf,3,hungarian,pp,20,5,1,2179,200,0,0,9.178522257916475,958.785,893.405,65.38,13076,13423,44,0,0,16,0,0,591,4046,138211,118.024370000001,5.071218000008685,0.05416446535107893,0.7501147315282239,0.5828703184639371,main,hungarian,120.18120799999997
warehouse,8,200,inf,4,hungarian,pp,20,5,1,1991,200,0,0,10.045203415369162,912.93,852.255,60.675,12135,12413,45,0,0,15,0,0,541,3730,120432,112.2902719999961,5.821871999999985,0.05639893119035464,0.7618658965344048,0.6008711564639843,main,hungarian,114.5615799999996
warehouse,8,200,inf,5,hungarian,pp,20,5,1,2086,200,0,0,9.587727708533079,957.11,893.48,63.63,12726,12863,41,0,0,16,0,0,575,3956,129640,106.27214499999627,4.803290000002107,0.05094541946308546,0.7625838926174496,0.7420105385232513,main,hungarian,108.351087
warehouse,8,200,inf,1,pact-proxy,pp,20,5,1,2122,200,0,0,9.42507068803016,974.89,909.03,65.86,13172,13404,54,0,0,16,0,0,568,3930,131159,109.90585600000259,7.837826000005862,0.051793523091424404,0.775918944392083,0.6318856920069807,main,pact-proxy,112.00114200000007
warehouse,8,200,inf,2,pact-proxy,pp,20,5,1,2172,200,0,0,9.208103130755065,984.125,917.995,66.13,13226,13374,66,0,0,16,1,0,595,4104,147669,122.88524299999881,7.015224999998281,0.056576999539594296,0.7611648250460405,0.649716756733231,main,pact-proxy,125.07737399999996
warehouse,8,200,inf,3,pact-proxy,pp,20,5,1,2149,200,0,0,9.306654257794323,950.67,885.74,64.93,12986,13233,46,0,0,16,0,0,583,3995,118357,105.82971999998517,7.955625999992662,0.04924603071195215,0.7553513261982318,0.5974703184639371,main,pact-proxy,107.92949700000008
warehouse,8,200,inf,4,pact-proxy,pp,20,5,1,2000,200,0,0,10,906.275,845.365,60.91,12182,12377,52,0,0,16,0,0,553,3785,131193,108.40865800001666,7.911557999996148,0.05420432900000833,0.761375,0.6429711564639844,main,pact-proxy,110.67883299999994
warehouse,8,200,inf,5,pact-proxy,pp,20,5,1,2050,200,0,0,9.75609756097561,953.96,891.28,62.68,12536,12694,43,0,0,16,0,0,564,3857,117496,103.6452949999939,7.566016999997373,0.0505586804878019,0.764390243902439,0.736860538523251,main,pact-proxy,105.67879799999992
warehouse,8,200,inf,1,pact,pp,20,5,1,2149,200,0,0,9.306654257794323,993.585,927.46,66.125,13225,13393,59,0,0,16,0,0,570,5098,156194,127.05095499999334,26.055220999995072,0.059120965565376146,0.769253140995812,0.681535692006981,main,pact,129.2037110000001
warehouse,8,200,inf,2,pact,pp,20,5,1,2156,200,0,0,9.276437847866418,967.4,901.845,65.555,13111,13324,73,0,0,16,1,0,592,5252,163847,132.8628099999787,24.950291999996807,0.06162467996288437,0.7601461038961039,0.6787167567332307,main,pact,135.0278530000005
warehouse,8,200,inf,3,pact,pp,20,5,1,2131,200,0,0,9.385265133740027,940.5,876.165,64.335,12867,13191,48,0,0,16,0,0,575,5077,143756,120.70548500001314,26.029817999982697,0.056642648991090165,0.7547512904739558,0.6143703184639365,main,pact,123.27518500000042
warehouse,8,200,inf,4,pact,pp,20,5,1,2026,200,0,0,9.871668311944719,911.33,850.105,61.225,12245,12477,42,0,0,16,0,0,562,5019,158981,125.78308099999049,24.798375999996097,0.062084442744319096,0.7554911154985192,0.6375211564639844,main,pact,127.87574700000005
warehouse,8,200,inf,5,pact,pp,20,5,1,2071,200,0,0,9.657170449058427,948.23,885.575,62.655,12531,12709,38,0,0,16,0,0,580,5144,140843,117.57289499999297,26.575298000002476,0.05677107436020906,0.7563375181071946,0.7402605385232515,main,pact,119.77782399999978
warehouse,16,200,0.15,1,greedy,pp,20,5,1,1540,200,0,0,12.987012987012987,71.72,14.855,56.865,11373,15570,85,0,0,16,0,0,370,5203,142039,123.47891699998672,4.386598999994021,0.08018111493505631,0.4615665584415584,0.49386080607182475,main,greedy,126.68745200000012
warehouse,16,200,0.15,2,greedy,pp,20,5,1,1401,200,0,0,14.275517487508923,74.795,14.26,60.535,12107,15218,114,0,0,16,1,0,368,5107,189329,152.31617100000676,4.3596270000016375,0.1087196081370498,0.5401052819414703,0.5277516031580103,main,greedy,155.3256709999996
warehouse,16,200,0.15,3,greedy,pp,20,5,1,1494,200,0,0,13.386880856760374,68.215,8.76,59.455,11891,15139,172,0,0,16,0,0,390,5543,195024,151.63894200001778,5.062172999996619,0.10149862248997174,0.4974481258366801,0.4929099542647095,main,greedy,154.89397100000042
warehouse,16,200,0.15,4,greedy,pp,20,5,1,1353,200,0,0,14.781966001478196,70.275,10.71,59.565,11913,14830,132,0,0,16,1,0,349,4899,201216,154.56284600000072,4.612782000000152,0.11423713673318604,0.5503048780487805,0.5795928472949246,main,greedy,157.92585299999973
warehouse,16,200,0.15,5,greedy,pp,20,5,1,1606,200,0,0,12.453300124533001,68.26,12.05,56.21,11242,15326,87,0,0,17,0,0,396,5636,153470,131.80451299999913,4.801974000009977,0.08207005790784504,0.4375,0.49439791466971944,main,greedy,134.84941600000002
warehouse,16,200,0.15,1,hungarian,pp,20,5,1,1540,200,0,0,12.987012987012987,69.31,12.925,56.385,11277,15411,74,0,0,16,0,0,362,5123,133600,115.97157400000924,4.90218200000254,0.07530621688312289,0.4576704545454545,0.4868608060718251,main,hungarian,119.1138549999996
warehouse,16,200,0.15,2,hungarian,pp,20,5,1,1416,200,0,0,14.124293785310735,77.62,16.445,61.175,12235,15232,129,0,0,16,1,0,365,5089,186725,147.3685050000031,5.512805000007575,0.10407380296610388,0.5400335451977402,0.5367266031580105,main,hungarian,150.25533200000064
warehouse,16,200,0.15,3,hungarian,pp,20,5,1,1493,200,0,0,13.395847287340924,65.015,7.405,57.61,11522,15001,125,0,0,17,0,0,380,5416,183096,145.4725600000129,5.489801999999145,0.09743640991293563,0.48233422638981915,0.48603495426470955,main,hungarian,148.53380600000037
warehouse,16,200,0.15,4,hungarian,pp,20,5,1,1343,200,0,0,14.892032762472077,66.235,8.255,57.98,11596,14827,155,0,0,16,0,0,354,4994,210008,164.29880899999443,5.394962000002124,0.12233716232315296,0.5396500372300819,0.5771928472949239,main,hungarian,167.55419900000015
warehouse,16,200,0.15,5,hungarian,pp,20,5,1,1605,200,0,0,12.461059190031152,72.365,15.085,57.28,11456,15436,77,0,0,17,0,0,404,5690,159207,134.63572999998905,5.092914000001656,0.08388519003114583,0.44610591900311525,0.496897914669719,main,hungarian,137.73646300000019
warehouse,16,200,0.15,1,pact-proxy,pp,20,5,1,1538,200,0,0,13.003901170351105,68.125,10.735,57.39,11478,15519,105,0,0,17,0,0,367,5227,147886,127.950731000009,7.929480000007061,0.08319293302991483,0.4664336801040312,0.4890108060718247,main,pact-proxy,131.27006600000004
warehouse,16,200,0.15,2,pact-proxy,pp,20,5,1,1412,200,0,0,14.164305949008499,83.305,20.33,62.975,12595,15247,152,0,0,16,1,0,367,5113,205439,162.53651800000716,7.6190869999863935,0.11511084844193142,0.5574982294617564,0.5306016031580102,main,pact-proxy,165.46993500000008
warehouse,16,200,0.15,3,pact-proxy,pp,20,5,1,1504,200,0,0,13.297872340425531,66.09,7.27,58.82,11764,15316,95,0,0,16,0,0,378,5404,165480,138.01565000001483,6.585270999988097,0.09176572473405241,0.4888630319148936,0.46288495426470944,main,pact-proxy,141.2194499999996
warehouse,16,200,0.15,4,pact-proxy,pp,20,5,1,1345,200,0,0,14.869888475836431,70.14,10.87,59.27,11854,14884,125,0,0,16,0,0,357,5023,197199,157.33131400000457,7.475171999993108,0.11697495464684354,0.5508364312267658,0.5661428472949245,main,pact-proxy,160.24063000000024
warehouse,16,200,0.15,5,pact-proxy,pp,20,5,1,1617,200,0,0,12.368583797155226,80.05,23.235,56.815,11363,15325,93,0,0,16,0,0,402,5649,155518,135.48400399999537,8.456755000002886,0.08378726283240283,0.43920068027210885,0.4893229146697188,main,pact-proxy,138.55278199999975
warehouse,16,200,0.15,1,pact,pp,20,5,1,1539,200,0,0,12.99545159194282,69.3,12.55,56.75,11350,15526,77,0,0,16,0,0,377,6818,173966,150.6263700000145,35.54212600000301,0.09787288499026284,0.4609324236517219,0.4800108060718249,main,pact,153.9549049999996
warehouse,16,200,0.15,2,pact,pp,20,5,1,1414,200,0,0,14.144271570014144,79.325,17.575,61.75,12350,15258,135,0,0,16,0,0,371,6383,232434,181.14738600000146,29.703116999993654,0.12810989108910995,0.5458804809052333,0.5371266031580102,main,pact,184.0701939999999
warehouse,16,200,0.15,3,pact,pp,20,5,1,1470,200,0,0,13.605442176870747,65.125,7.27,57.855,11571,15301,76,0,0,16,0,0,376,6515,191403,165.5228529999922,30.35427099998924,0.11260058027210354,0.4919642857142857,0.4772599542647091,main,pact,168.9640529999997
warehouse,16,200,0.15,4,pact,pp,20,5,1,1348,200,0,0,14.836795252225519,68.115,9.665,58.45,11690,15031,117,0,0,16,0,0,359,6097,219512,172.04037399998833,25.911629999983234,0.12762639020770647,0.5420066765578635,0.5692428472949239,main,pact,174.88751000000047
warehouse,16,200,0.15,5,pact,pp,20,5,1,1600,200,0,0,12.5,67.255,11.235,56.02,11204,15247,66,0,0,16,0,0,385,6988,167449,150.4990650000218,33.47225200000139,0.09406191562501362,0.43765625,0.48687291466971944,main,pact,153.72562500000004
warehouse,16,200,inf,1,greedy,pp,20,5,1,1138,200,0,0,17.57469244288225,517.46,449.24,68.22,13644,13840,99,0,0,16,0,0,371,5108,247838,185.92981900001087,5.629827999994632,0.16338296924429777,0.7493409490333919,0.6672608060718185,main,greedy,188.3924309999993
warehouse,16,200,inf,2,greedy,pp,20,5,1,1150,200,0,0,17.391304347826086,512.645,444.39,68.255,13651,13889,120,0,0,16,0,0,372,5123,266118,198.05665200003023,4.781190000001516,0.1722231756522002,0.7419021739130435,0.6671516031580067,main,greedy,200.5756309999997
warehouse,16,200,inf,3,greedy,pp,20,5,1,1187,200,0,0,16.849199663016005,504.035,435.51,68.525,13705,14043,136,0,0,16,0,0,385,5315,280732,209.3387190000176,5.867472000016278,0.17635949368156495,0.7216196293176074,0.6065099542647048,main,greedy,211.8482550000008
warehouse,16,200,inf,4,greedy,pp,20,5,1,1065,200,0,0,18.779342723004696,460.235,396.525,63.71,12742,12971,145,0,0,16,1,0,350,4820,267358,197.83764699998756,5.090074999996432,0.1857630488262794,0.7477699530516432,0.6810678472949213,main,greedy,200.1175430000003
warehouse,16,200,inf,5,greedy,pp,20,5,1,1136,200,0,0,17.6056338028169,487.655,422.5,65.155,13031,13541,114,0,0,16,0,0,363,4971,230351,177.09880699998212,5.055632000001424,0.1558968371478716,0.7169344190140845,0.6831729146697118,main,greedy,179.72837600000094
warehouse,16,200,inf,1,hungarian,pp,20,5,1,1132,200,0,0,17.6678445229682,506.905,439.265,67.64,13528,13827,110,0,0,16,0,0,366,5008,231356,177.85981500000344,5.581061999981102,0.15711997791519738,0.7469081272084805,0.6720358060718186,main,hungarian,180.2527829999999
warehouse,16,200,inf,2,hungarian,pp,20,5,1,1164,200,0,0,17.18213058419244,508.975,441.18,67.795,13559,13986,93,0,0,16,0,0,372,5108,243907,186.2887229999651,4.976786999999604,0.1600418582473927,0.7280390893470791,0.6585266031580069,main,hungarian,188.6909229999983
warehouse,16,200,inf,3,hungarian,pp,20,5,1,1230,200,0,0,16.260162601626018,499.19,431.21,67.98,13596,14172,114,0,0,16,0,0,396,5473,266833,200.41441000002305,6.01252699998804,0.1629385447154659,0.6908536585365853,0.6135599542647054,main,hungarian,203.1528699999999
warehouse,16,200,inf,4,hungarian,pp,20,5,1,1093,200,0,0,18.298261665141812,464.04,400.07,63.97,12794,13066,143,0,0,16,3,0,366,5020,290489,206.24387999998908,5.863403999990624,0.1886952241536954,0.7315873741994511,0.7301928472949216,main,hungarian,208.52519399999983
warehouse,16,200,inf,5,hungarian,pp,20,5,1,1106,200,0,0,18.083182640144667,474.3,409.88,64.42,12884,13201,132,0,0,16,1,0,362,4949,234056,176.14502699998957,5.049245999982304,0.15926313471970124,0.7280741410488246,0.7107229146697116,main,hungarian,178.4982400000008
warehouse,16,200,inf,1,pact-proxy,pp,20,5,1,1124,200,0,0,17.793594306049823,508.335,440.015,68.32,13664,13733,102,0,0,16,0,0,358,4906,235128,181.53550500001438,8.230115999996997,0.16150845640570674,0.7597864768683275,0.6757358060718183,main,pact-proxy,184.16833600000064
warehouse,16,200,inf,2,pact-proxy,pp,20,5,1,1172,200,0,0,17.064846416382252,503.535,436.255,67.28,13456,13909,94,0,0,16,0,0,378,5192,230006,175.77106299998923,8.273108999992473,0.14997530972695328,0.7175767918088737,0.6516766031580075,main,pact-proxy,178.34642299999905
warehouse,16,200,inf,3,pact-proxy,pp,20,5,1,1226,200,0,0,16.31321370309951,505.155,437.22,67.935,13587,14126,111,0,0,16,1,0,395,5471,257578,192.2631150000234,7.696677000005366,0.15682146411094894,0.6926488580750407,0.6182849542647055,main,pact-proxy,194.79874000000018
warehouse,16,200,inf,4,pact-proxy,pp,20,5,1,1058,200,0,0,18.90359168241966,460.265,396.89,63.375,12675,12874,117,0,0,16,0,0,359,5024,264686,200.53781700000218,8.55696899999566,0.18954425047259185,0.7487594517958412,0.6414928472949213,main,pact-proxy,202.8073349999995
warehouse,16,200,inf,5,pact-proxy,pp,20,5,1,1126,200,0,0,17.761989342806395,484.25,418.42,65.83,13166,13301,122,0,0,16,1,0,374,5119,258413,193.67457600000125,7.280279000009614,0.17200228774422846,0.7307948490230906,0.7043229146697119,main,pact-proxy,196.0104909999991
warehouse,16,200,inf,1,pact,pp,20,5,1,1152,200,0,0,17.36111111111111,512.935,444.715,68.22,13644,13940,159,0,0,16,2,0,371,6266,294082,218.75551900002029,28.294049999982235,0.18989194357640649,0.740234375,0.650035806071819,main,pact,221.26727500000015
warehouse,16,200,inf,2,pact,pp,20,5,1,1166,200,0,0,17.152658662092623,503.565,435.84,67.725,13545,13931,102,0,0,16,0,0,378,6409,268947,208.14837499999703,29.97916100000475,0.17851490137221016,0.7260398799313894,0.6657516031580072,main,pact,210.57975299999998
warehouse,16,200,inf,3,pact,pp,20,5,1,1150,200,0,0,17.391304347826086,497.845,429.22,68.625,13725,14023,116,0,0,16,1,0,373,6303,279816,212.50366399998893,29.271326999993107,0.18478579478259907,0.7459239130434783,0.6262849542647039,main,pact,215.03994000000057
warehouse,16,200,inf,4,pact,pp,20,5,1,1085,200,0,0,18.433179723502302,460.02,396.35,63.67,12734,12944,137,0,0,16,1,0,358,6109,300002,217.3531029999922,26.318389999980354,0.2003254405529882,0.7335253456221198,0.6891428472949217,main,pact,219.7114819999988
warehouse,16,200,inf,5,pact,pp,20,5,1,1100,200,0,0,18.181818181818183,478.155,413.77,64.385,12877,13309,134,0,0,16,0,0,364,6160,276739,209.90308899997763,27.551824000012857,0.19082098999997965,0.7316477272727273,0.6967729146697114,main,pact,212.25931200000014
warehouse,32,200,0.15,1,greedy,pp,20,5,1,1516,200,0,0,13.192612137203167,52.265,2.64,49.625,9925,15619,107,0,0,19,0,0,337,10204,139258,130.40698700001303,6.558910999996442,0.08602043997362337,0.20458855540897097,0.4571985793333633,main,greedy,135.5351470000005
warehouse,32,200,0.15,2,greedy,pp,20,5,1,1373,200,0,0,14.566642388929353,54.545,3.055,51.49,10298,15685,138,0,0,17,0,0,309,9394,171942,150.93328699998528,5.951087999996162,0.10992956081572125,0.23438638018936636,0.4660637396293325,main,greedy,155.39042999999947
warehouse,32,200,0.15,3,greedy,pp,20,5,1,1441,200,0,0,13.879250520471894,52.67,3.485,49.185,9837,15228,104,0,0,19,0,0,351,10494,167038,151.1816760000038,5.814223000013953,0.1049144177654433,0.21332841776544068,0.5258904469496283,main,greedy,155.6557900000007
warehouse,32,200,0.15,4,greedy,pp,20,5,1,1340,200,0,0,14.925373134328359,52.405,3.085,49.32,9864,14905,148,0,0,18,1,0,319,9589,188392,160.82223300000078,6.127701999996134,0.12001659179104536,0.23003731343283582,0.5454765117250665,main,greedy,165.2940550000003
warehouse,32,200,0.15,5,greedy,pp,20,5,1,1570,200,0,0,12.738853503184714,52.79,2.765,50.025,10005,15701,121,0,0,22,2,0,358,10726,162860,149.11553600000843,5.931772000016281,0.09497804840764869,0.19914410828025478,0.5477407585848437,main,greedy,153.82647899999938
warehouse,32,200,0.15,1,hungarian,pp,20,5,1,1520,200,0,0,13.157894736842104,51.8,2.665,49.135,9827,15579,80,0,0,18,0,0,342,10355,132282,126.9701670000104,6.273982000013348,0.08353300460527001,0.20203536184210527,0.4650360793333639,main,hungarian,131.52820600000086
warehouse,32,200,0.15,2,hungarian,pp,20,5,1,1368,200,0,0,14.619883040935672,54.72,2.94,51.78,10356,15876,197,0,0,17,2,0,308,9365,185535,159.7698199999777,6.573523999999452,0.11679080409355094,0.23656798245614036,0.4611512396293328,main,hungarian,164.20035100000132
warehouse,32,200,0.15,3,hungarian,pp,20,5,1,1442,200,0,0,13.869625520110956,52.32,3.435,48.885,9777,15199,102,0,0,19,0,0,352,10536,157333,143.62819600000694,6.242398000013054,0.09960346463245974,0.21188020110957004,0.5220279469496282,main,hungarian,148.1799970000011
warehouse,32,200,0.15,4,hungarian,pp,20,5,1,1340,200,0,0,14.925373134328359,52.89,3.155,49.735,9947,14901,179,0,0,18,3,0,322,9685,192060,162.11199199997827,6.867729999989024,0.12097909850744647,0.23197294776119404,0.5462265117250664,main,hungarian,166.33149400000002
warehouse,32,200,0.15,5,hungarian,pp,20,5,1,1545,200,0,0,12.944983818770227,52.49,2.82,49.67,9934,15488,112,0,0,19,0,0,351,10599,162889,146.69735299999775,7.107244000022547,0.09494974304206974,0.20093042071197412,0.5078532585848438,main,hungarian,151.38236300000062
warehouse,32,200,0.15,1,pact-proxy,pp,20,5,1,1515,200,0,0,13.201320132013201,52.205,2.665,49.54,9908,15560,84,0,0,17,0,0,338,10234,132274,149.14759800000684,16.06363900000906,0.0984472594059451,0.20437293729372938,0.4582235793333635,main,pact-proxy,154.3698209999984
warehouse,32,200,0.15,2,pact-proxy,pp,20,5,1,1362,200,0,0,14.684287812041116,54.815,2.92,51.895,10379,15985,170,0,0,19,0,0,313,9458,177223,160.27547000000231,13.53073599997333,0.11767655653450977,0.23813784875183552,0.4900137396293328,main,pact-proxy,164.60881599999993
warehouse,32,200,0.15,3,pact-proxy,pp,20,5,1,1443,200,0,0,13.86001386001386,53.095,3.355,49.74,9948,15246,125,0,0,20,0,0,349,10496,171227,163.56188099999963,15.233709999989514,0.11334849688149662,0.21543659043659044,0.5128529469496288,main,pact-proxy,168.02712099999917
warehouse,32,200,0.15,4,pact-proxy,pp,20,5,1,1340,200,0,0,14.925373134328359,52.9,3.07,49.83,9966,14952,190,0,0,17,1,0,311,9412,181629,163.9259100000072,14.069735999990371,0.1223327686567218,0.2324160447761194,0.528214011725067,main,pact-proxy,168.2391609999995
warehouse,32,200,0.15,5,pact-proxy,pp,20,5,1,1560,200,0,0,12.820512820512821,52.475,2.99,49.485,9897,15550,91,0,0,20,0,0,363,10991,159724,153.11494699999275,14.245242999999391,0.0981506070512774,0.19825721153846154,0.4839657585848438,main,pact-proxy,157.91823099999965
warehouse,32,200,0.15,1,pact,pp,20,5,1,1515,200,0,0,13.201320132013201,51.845,2.615,49.23,9846,15470,104,0,0,19,0,0,339,14945,242480,223.42953599997963,96.24601199999233,0.14747824158414496,0.2030940594059406,0.4926485793333634,main,pact,228.25330199999917
warehouse,32,200,0.15,2,pact,pp,20,5,1,1365,200,0,0,14.652014652014651,55.09,3.135,51.955,10391,15899,176,0,0,18,0,0,312,13782,291634,261.65562999999383,102.60732299996744,0.1916891062271017,0.23788919413919413,0.47011373962933295,main,pact,266.2707629999986
warehouse,32,200,0.15,3,pact,pp,20,5,1,1434,200,0,0,13.94700139470014,52.855,3.555,49.3,9860,15126,128,0,0,22,0,0,350,14678,272373,249.30359200001112,94.09912500000428,0.17385187726639548,0.21487099023709902,0.542190446949628,main,pact,254.11992699999973
warehouse,32,200,0.15,4,pact,pp,20,5,1,1340,200,0,0,14.925373134328359,52.18,2.97,49.21,9842,14733,157,0,0,16,1,0,319,14088,285698,255.8905549999945,99.0782960000106,0.19096310074626455,0.22952425373134328,0.5332015117250665,main,pact,260.5711460000002
warehouse,32,200,0.15,5,pact,pp,20,5,1,1555,200,0,0,12.861736334405144,52.26,2.695,49.565,9913,15503,103,0,0,21,1,0,350,15164,257718,239.31754500000716,101.25954400001683,0.1539019581993615,0.19921623794212218,0.527578258584844,main,pact,244.5821420000011
warehouse,32,200,inf,1,greedy,pp,20,5,1,708,200,0,0,28.24858757062147,303.47,235.165,68.305,13661,15449,338,0,0,12,7,0,277,8274,544705,388.9497319999846,6.686922000000777,0.5493640282485658,0.602974929378531,0.4317860793333474,main,greedy,392.1152920000004
warehouse,32,200,inf,2,greedy,pp,20,5,1,645,200,0,0,31.007751937984494,287.755,219.43,68.325,13665,14921,240,0,0,10,4,0,271,8188,545195,393.20700999999644,6.942603999999847,0.6096232713178239,0.6620639534883721,0.42373873962931907,main,greedy,396.1175340000009
warehouse,32,200,inf,3,greedy,pp,20,5,1,755,200,0,0,26.490066225165563,289.12,220.72,68.4,13680,15501,293,0,0,15,3,0,282,8416,504258,364.4996289999981,7.140045999945869,0.4827809655629114,0.5662251655629139,0.481252946949614,main,greedy,367.58380500000203
warehouse,32,200,inf,4,greedy,pp,20,5,1,623,200,0,0,32.102728731942214,269.525,205.565,63.96,12792,13971,335,0,0,8,6,0,260,7958,550231,383.38810099998955,5.83219100000133,0.6153902102728565,0.641653290529695,0.43191401172505284,main,greedy,386.2536880000007
warehouse,32,200,inf,5,greedy,pp,20,5,1,650,200,0,0,30.76923076923077,283.035,216.21,66.825,13365,14508,278,0,0,11,0,0,260,7870,543805,375.55226799998854,5.371725999964838,0.5777727199999824,0.6425480769230769,0.4420907585848266,main,greedy,378.3474930000011
warehouse,32,200,inf,1,hungarian,pp,20,5,1,705,200,0,0,28.368794326241133,297.995,231.065,66.93,13386,15300,245,0,0,13,2,0,272,8129,473514,340.6819030000952,6.448806999997032,0.48323674184410664,0.5933510638297872,0.4482985793333474,main,hungarian,343.6066869999995
warehouse,32,200,inf,2,hungarian,pp,20,5,1,630,200,0,0,31.746031746031747,294.28,225.21,69.07,13814,14840,188,0,0,9,0,0,258,7882,487522,347.5590379999994,6.656381000029796,0.5516810126984117,0.685218253968254,0.37725123962931906,main,hungarian,350.342521999999
warehouse,32,200,inf,3,hungarian,pp,20,5,1,729,200,0,0,27.434842249657063,286.895,219.315,67.58,13516,15319,199,0,0,11,0,0,295,8840,483651,350.28426199995374,6.624392000027001,0.48049967352531375,0.5793895747599451,0.4531404469496138,main,hungarian,353.2373609999995
warehouse,32,200,inf,4,hungarian,pp,20,5,1,617,200,0,0,32.414910858995135,265.445,202.665,62.78,12556,13985,270,0,0,8,6,0,249,7693,506790,351.07173900002454,5.995731000002706,0.5689979562399101,0.6359400324149108,0.40156401172505285,main,hungarian,353.8358670000016
warehouse,32,200,inf,5,hungarian,pp,20,5,1,610,200,0,0,32.78688524590164,271.73,207.02,64.71,12942,14179,265,0,0,8,1,0,262,7962,523489,366.24757800004227,5.667812000028789,0.6004058655738398,0.6630122950819672,0.4032282585848264,main,hungarian,368.84890599999926
warehouse,32,200,inf,1,pact-proxy,pp,20,5,1,690,200,0,0,28.985507246376812,293.62,227.165,66.455,13291,15476,250,0,0,12,4,0,269,8070,476198,349.1335140000083,9.371084999995219,0.5059906000000121,0.6019474637681159,0.41634857933334646,main,pact-proxy,352.07968999999866
warehouse,32,200,inf,2,pact-proxy,pp,20,5,1,650,200,0,0,30.76923076923077,292.165,223.335,68.83,13766,15198,270,0,0,11,4,0,265,7991,510445,368.3847619999724,9.169425999971281,0.5667457876922652,0.661826923076923,0.41581373962931917,main,pact-proxy,371.94268199999715
warehouse,32,200,inf,3,pact-proxy,pp,20,5,1,713,200,0,0,28.050490883590463,285.07,216.935,68.135,13627,15556,214,0,0,14,4,0,273,8181,469006,342.112190000018,8.983161999982258,0.4798207433380337,0.5972563113604488,0.47056544694961355,main,pact-proxy,345.0535810000001
warehouse,32,200,inf,4,pact-proxy,pp,20,5,1,591,200,0,0,33.840947546531304,265.275,202.745,62.53,12506,13940,233,0,0,6,3,0,242,7442,480494,345.84666100006143,9.019883999982994,0.5851889357023036,0.6612732656514383,0.40496401172505236,main,pact-proxy,348.3892969999979
warehouse,32,200,inf,5,pact-proxy,pp,20,5,1,638,200,0,0,31.34796238244514,276.515,211.17,65.345,13069,14489,247,0,0,10,5,0,264,7937,525555,366.68419699998776,7.99388500002533,0.574740120689636,0.6401351880877743,0.4517907585848263,main,pact-proxy,369.417723999999
warehouse,32,200,inf,1,pact,pp,20,5,1,697,200,0,0,28.694404591104735,303.325,234.485,68.84,13768,15605,292,0,0,13,4,0,264,9370,528718,380.2559939999992,42.700706000039645,0.5455609670014335,0.6172883787661406,0.42781107933334683,main,pact,383.28420499999993
warehouse,32,200,inf,2,pact,pp,20,5,1,629,200,0,0,31.79650238473768,291.905,223.36,68.545,13709,14998,209,0,0,9,4,0,266,9264,541665,388.65023899998414,38.73522200004663,0.6178859125595932,0.6810910174880763,0.39982623962931874,main,pact,391.46678299999985
warehouse,32,200,inf,3,pact,pp,20,5,1,735,200,0,0,27.210884353741495,291.305,222.49,68.815,13763,15514,249,0,0,15,0,0,284,9791,573356,409.42492600003607,38.73651599997538,0.5570407156463075,0.5851615646258503,0.4907779469496139,main,pact,412.50141799999983
warehouse,32,200,inf,4,pact,pp,20,5,1,635,200,0,0,31.496062992125985,274.395,209.665,64.73,12946,14291,368,0,0,9,8,0,254,9193,620065,431.7330130000082,40.79758500002572,0.6798945086614303,0.6371062992125984,0.40233901172505293,main,pact,434.8532230000019
warehouse,32,200,inf,5,pact,pp,20,5,1,620,200,0,0,32.25806451612903,275.965,210.48,65.485,13097,14278,251,0,0,9,4,0,246,8791,501499,351.3569659999448,34.165618999981234,0.5667047838708787,0.6601310483870968,0.41435325858482647,main,pact,353.97786300000007
console,8,200,0.15,1,greedy,pp,20,5,1,1663,200,0,0,12.026458208057727,112.86,59.765,53.095,10619,10198,125,0,0,11,0,0,477,3394,188764,135.3886340000572,3.6435899999669346,0.08141228743238557,0.7981809981960313,0.39623569200698183,main,greedy,137.55631200000062
console,8,200,0.15,2,greedy,pp,20,5,1,1733,200,0,0,11.54068090017311,186.265,133.72,52.545,10509,10599,84,0,0,13,0,0,488,3479,153347,117.40998300001593,3.4614520000068296,0.06774955741489667,0.7580063473744951,0.39166675673323137,main,greedy,119.3388010000017
console,8,200,0.15,3,greedy,pp,20,5,1,1740,200,0,0,11.494252873563218,132.48,77.975,54.505,10901,10666,85,0,0,14,0,0,498,3466,156670,116.59951000001456,4.173130999963178,0.06701121264368654,0.7831178160919541,0.47577031846393675,main,greedy,118.55385199999728
console,8,200,0.15,4,greedy,pp,20,5,1,1695,200,0,0,11.799410029498524,182.225,129.895,52.33,10466,10159,96,0,0,14,0,0,494,3403,150384,117.07850400000825,4.447563999980048,0.06907286371681903,0.7718289085545723,0.6137711564639851,main,greedy,119.16648899999927
console,8,200,0.15,5,greedy,pp,20,5,1,1791,200,0,0,11.166945840312675,132.535,78.525,54.01,10802,10921,135,0,0,14,0,0,482,3338,164394,119.65508400004546,3.8853300000082527,0.06680909212732856,0.7539084310441094,0.5577605385232519,main,greedy,121.61608099999648
console,8,200,0.15,1,hungarian,pp,20,5,1,1636,200,0,0,12.224938875305623,109.07,56.95,52.12,10424,10144,99,0,0,10,1,0,465,3312,156556,115.39108800001486,3.9248569999617757,0.0705324498777597,0.7964547677261614,0.3764856920069815,main,hungarian,117.27451999999903
console,8,200,0.15,2,hungarian,pp,20,5,1,1729,200,0,0,11.56737998843262,181.205,128.885,52.32,10464,10578,76,0,0,12,0,0,483,3441,153097,114.68311999997968,3.7016229999499046,0.06632916136493909,0.7565066512434934,0.3731167567332312,main,hungarian,116.58869400000185
console,8,200,0.15,3,hungarian,pp,20,5,1,1761,200,0,0,11.357183418512209,133.015,78.35,54.665,10933,10742,95,0,0,14,0,0,501,3495,154830,120.43584800001918,3.744885000058275,0.06839060079501373,0.7760505394662124,0.517920318463937,main,hungarian,122.43455399999948
console,8,200,0.15,4,hungarian,pp,20,5,1,1648,200,0,0,12.135922330097088,188.66,136.195,52.465,10493,10036,91,0,0,12,0,0,489,3412,151611,119.46655600003942,4.257451999987097,0.07249184223303362,0.7958889563106796,0.5054711564639847,main,hungarian,121.49709299999813
console,8,200,0.15,5,hungarian,pp,20,5,1,1848,200,0,0,10.822510822510823,133.105,78.31,54.795,10959,11076,151,0,0,16,2,0,497,3422,175925,129.65037900002062,4.442098999992595,0.07015713149351765,0.7412743506493507,0.6953105385232521,main,hungarian,131.9643819999983
console,8,200,0.15,1,pact-proxy,pp,20,5,1,1652,200,0,0,12.106537530266344,108.425,56.36,52.065,10413,10189,94,0,0,11,1,0,464,3309,153154,114.01179799995225,5.877491000013833,0.06901440556897837,0.7879085956416465,0.4129856920069817,main,pact-proxy,115.84955300000001
console,8,200,0.15,2,pact-proxy,pp,20,5,1,1738,200,0,0,11.507479861910241,186.975,133.975,53,10600,10562,132,0,0,12,0,0,489,3469,174240,129.8217990000485,5.993173000028037,0.07469608688150085,0.7623705408515535,0.4229667567332315,main,pact-proxy,131.90516099999877
console,8,200,0.15,3,pact-proxy,pp,20,5,1,1787,200,0,0,11.19194180190263,141.53,86.27,55.26,11052,10700,119,0,0,15,0,0,514,3528,187154,138.79785500001526,5.694648000000598,0.07767087576945454,0.7730833799664242,0.6144203184639371,main,pact-proxy,140.8145939999995
console,8,200,0.15,4,pact-proxy,pp,20,5,1,1726,200,0,0,11.587485515643106,186.915,134.345,52.57,10514,10185,111,0,0,14,1,0,497,3411,165539,123.26659799989648,5.822550000048068,0.07141749594432009,0.7614426419466975,0.6699711564639854,main,pact-proxy,125.46464099999866
console,8,200,0.15,5,pact-proxy,pp,20,5,1,1845,200,0,0,10.840108401084011,136.365,81.62,54.745,10949,11100,137,0,0,15,1,0,491,3428,171242,127.85716200001116,5.739620000007562,0.06929927479675402,0.7418021680216802,0.620710538523252,main,pact-proxy,129.92228800000157
console,8,200,0.15,1,pact,pp,20,5,1,1630,200,0,0,12.269938650306749,108.205,56.14,52.065,10413,10108,108,0,0,9,1,0,465,4144,170650,125.51533599994582,18.208253000000695,0.07700327361959866,0.7985429447852761,0.34943569200698155,main,pact,127.38829400000031
console,8,200,0.15,2,pact,pp,20,5,1,1723,200,0,0,11.607661056297156,182.85,130.4,52.45,10490,10551,95,0,0,13,0,0,500,4491,181192,133.8470619999789,20.629197000012937,0.0776825664538473,0.7610272780034822,0.3594667567332313,main,pact,135.78298600000198
console,8,200,0.15,3,pact,pp,20,5,1,1796,200,0,0,11.135857461024498,143.475,88.33,55.145,11029,10750,86,0,0,16,0,0,502,4416,187684,137.71468299997287,22.1864180000739,0.07667855400889358,0.767608574610245,0.5920203184639372,main,pact,140.0578060000007
console,8,200,0.15,4,pact,pp,20,5,1,1675,200,0,0,11.940298507462687,183.29,131.265,52.025,10405,10079,84,0,0,13,0,0,479,4389,161835,124.66084600002796,23.59238800005187,0.07442438567165849,0.7764925373134328,0.6043211564639849,main,pact,126.5810590000001
console,8,200,0.15,5,pact,pp,20,5,1,1821,200,0,0,10.982976386600768,131.26,77.175,54.085,10817,11022,115,0,0,16,1,0,495,4241,181766,147.28878600001553,21.574097000011534,0.08088346293246322,0.7425178473366282,0.665160538523252,main,pact,149.54694800000289
console,8,200,inf,1,greedy,pp,20,5,1,1633,200,0,0,12.24739742804654,714.715,664.475,50.24,10048,9801,131,0,0,10,0,0,475,3359,180177,128.6424529999931,4.379179000003205,0.07877676240048567,0.7691365584813227,0.46403569200698214,main,greedy,130.42095400000107
console,8,200,inf,2,greedy,pp,20,5,1,1573,200,0,0,12.714558169103624,758.74,706.4,52.34,10468,10077,88,0,0,9,0,0,467,3363,155897,114.68464999999924,3.762023999966914,0.07290823267641401,0.8318499682136046,0.28151675673322996,main,greedy,116.30780899999809
console,8,200,inf,3,greedy,pp,20,5,1,1654,200,0,0,12.091898428053204,760.915,708.03,52.885,10577,10250,81,0,0,13,0,0,486,3407,161343,117.83906399996704,4.172159999998257,0.07124489963722312,0.7993500604594922,0.4494203184639365,main,greedy,119.55608200000279
console,8,200,inf,4,greedy,pp,20,5,1,1688,200,0,0,11.848341232227488,770.645,717.25,53.395,10679,10271,76,0,0,13,0,0,500,3451,143615,111.6429930000304,4.239126000025863,0.06613921386257725,0.7908027251184834,0.6397211564639844,main,greedy,113.43558999999732
console,8,200,inf,5,greedy,pp,20,5,1,1635,200,0,0,12.232415902140673,776.235,722.385,53.85,10770,10272,167,0,0,10,2,0,480,3418,183472,131.39380600001823,4.255904000016017,0.08036318409787048,0.823394495412844,0.41791053852325083,main,greedy,133.16053100000136
console,8,200,inf,1,hungarian,pp,20,5,1,1660,200,0,0,12.048192771084338,724.635,673.78,50.855,10171,9814,133,0,0,10,0,0,473,3352,173615,126.62409400006436,5.711246999966534,0.07627957469883395,0.7658885542168675,0.4800856920069829,main,hungarian,128.38104100000055
console,8,200,inf,2,hungarian,pp,20,5,1,1575,200,0,0,12.698412698412698,759.71,707.265,52.445,10489,10046,89,0,0,10,0,0,462,3330,159169,121.58359699997891,4.718163000005006,0.07719593460316121,0.8324603174603175,0.30891675673323016,main,hungarian,123.4504420000012
console,8,200,inf,3,hungarian,pp,20,5,1,1679,200,0,0,11.911852293031567,760.755,708.185,52.57,10514,10260,73,0,0,13,0,0,489,3383,140189,108.88464500000919,4.876188000034745,0.06485089041096438,0.7827575938058368,0.5116703184639363,main,hungarian,110.57390099999975
console,8,200,inf,4,hungarian,pp,20,5,1,1713,200,0,0,11.675423234092236,783.255,728.955,54.3,10860,10431,130,0,0,13,0,0,504,3472,158273,118.28569799993056,4.974727999982861,0.06905177933446034,0.7924693520140105,0.6135211564639844,main,hungarian,120.03096300000107
console,8,200,inf,5,hungarian,pp,20,5,1,1618,200,0,0,12.360939431396787,767.31,714.075,53.235,10647,10224,105,0,0,10,1,0,474,3401,156620,118.19044699997903,4.848300000001473,0.07304724783682263,0.8225432632880099,0.34486053852325116,main,hungarian,119.88130799999999
console,8,200,inf,1,pact-proxy,pp,20,5,1,1563,200,0,0,12.795905310300704,710.16,660.115,50.045,10009,9605,103,0,0,9,1,0,466,3294,160874,123.25579300001482,7.2017910000213305,0.0788584728087107,0.8004638515674984,0.4235356920069817,main,pact-proxy,124.9663529999998
console,8,200,inf,2,pact-proxy,pp,20,5,1,1598,200,0,0,12.515644555694617,761.28,709.03,52.25,10450,10133,124,0,0,11,0,0,467,3343,163407,123.16373899999235,6.500782999992225,0.07707367897371235,0.8174280350438048,0.36581675673323,main,pact-proxy,124.85469499999817
console,8,200,inf,3,pact-proxy,pp,20,5,1,1684,200,0,0,11.876484560570072,783.25,729.785,53.465,10693,10345,106,0,0,14,1,0,487,3390,183578,136.2649940000374,7.123639000034018,0.08091745486938089,0.7937203087885986,0.4781203184639363,main,pact-proxy,138.0162909999999
console,8,200,inf,4,pact-proxy,pp,20,5,1,1756,200,0,0,11.389521640091116,781.08,727.37,53.71,10742,10491,93,0,0,14,0,0,503,3444,147015,113.91444799999226,5.986961999951745,0.0648715535307473,0.7646640091116174,0.6372711564639851,main,pact-proxy,115.67595200000142
console,8,200,inf,5,pact-proxy,pp,20,5,1,1638,200,0,0,12.21001221001221,765.34,711.965,53.375,10675,10224,90,0,0,10,0,0,478,3401,162306,122.45313100001295,6.28491399998893,0.07475771123321914,0.8146367521367521,0.4143105385232512,main,pact-proxy,124.18527000000176
console,8,200,inf,1,pact,pp,20,5,1,1533,200,0,0,13.04631441617743,706.11,656.43,49.68,9936,9594,73,0,0,9,0,0,465,4424,189770,154.01045099996554,26.450100000023667,0.10046343835614191,0.8101761252446184,0.41373569200698124,main,pact,155.81977800000095
console,8,200,inf,2,pact,pp,20,5,1,1594,200,0,0,12.547051442910917,761.53,709.145,52.385,10477,10103,80,0,0,10,0,0,468,4506,190126,144.29373500002475,25.399923999961175,0.0905230457967533,0.8215966122961104,0.33711675673323005,main,pact,146.03957900000023
console,8,200,inf,3,pact,pp,20,5,1,1627,200,0,0,12.292562999385371,759.53,706.93,52.6,10520,10176,88,0,0,12,0,0,476,4488,173578,135.88040499997078,26.22443500000736,0.083515921942207,0.8082360172095882,0.4219203184639363,main,pact,137.6968229999984
console,8,200,inf,4,pact,pp,20,5,1,1678,200,0,0,11.918951132300357,771.88,718.74,53.14,10628,10296,74,0,0,14,0,0,486,4527,166870,128.9554320000243,25.4241890000485,0.07685067461264856,0.7917163289630512,0.6106211564639844,main,pact,130.9128700000001
console,8,200,inf,5,pact,pp,20,5,1,1632,200,0,0,12.254901960784315,761.09,707.92,53.17,10634,10225,111,0,0,11,1,0,480,4603,199809,148.24013599996033,26.795356999999058,0.09083341666664235,0.8144914215686274,0.40631053852325105,main,pact,150.0135999999984
console,16,200,0.15,1,greedy,pp,20,5,1,1534,200,0,0,13.03780964797914,52.605,3.8,48.805,9761,12284,155,0,0,16,2,0,364,5204,159526,126.51376499999606,3.668737999989389,0.0824731192959557,0.39769393741851367,0.6226358060718293,main,greedy,129.35891900000206
console,16,200,0.15,2,greedy,pp,20,5,1,1401,200,0,0,14.275517487508923,61.16,9.29,51.87,10374,12699,164,0,0,16,2,0,378,5296,214843,164.94263599994156,4.428065999964019,0.11773207423264923,0.46279443254817987,0.6189266031580133,main,greedy,167.7982430000011
console,16,200,0.15,3,greedy,pp,20,5,1,1465,200,0,0,13.651877133105803,59.39,6.745,52.645,10529,13025,167,0,0,17,0,0,383,5406,202477,157.6426289998999,4.057312999957503,0.10760589010232074,0.44918941979522187,0.5933599542647119,main,greedy,160.6818639999983
console,16,200,0.15,4,greedy,pp,20,5,1,1330,200,0,0,15.037593984962406,58.39,6.955,51.435,10287,12067,216,0,0,15,0,0,346,4935,234283,172.51914600001692,4.4349160000056145,0.12971364360903528,0.4834116541353383,0.6274428472949278,main,greedy,175.33584999999948
console,16,200,0.15,5,greedy,pp,20,5,1,1540,200,0,0,12.987012987012987,59.225,7.49,51.735,10347,12600,181,0,0,16,0,0,387,5492,211413,156.70662600009382,3.8661990000255173,0.10175754935071027,0.4199269480519481,0.6178979146697215,main,greedy,159.89799700000003
console,16,200,0.15,1,hungarian,pp,20,5,1,1534,200,0,0,13.03780964797914,53.53,3.735,49.795,9959,12465,199,0,0,16,1,0,365,5210,179095,136.14225500000612,3.950938000016322,0.0887498402868358,0.4057610821382008,0.624310806071829,main,hungarian,139.01718800000162
console,16,200,0.15,2,hungarian,pp,20,5,1,1412,200,0,0,14.164305949008499,61.4,9.17,52.23,10446,12719,201,0,0,16,1,0,375,5303,241477,175.39067999995314,4.174897999990208,0.1242143626061991,0.4623760623229462,0.6352266031580136,main,hungarian,178.42394000000058
console,16,200,0.15,3,hungarian,pp,20,5,1,1456,200,0,0,13.736263736263735,60.37,7.23,53.14,10628,12761,148,0,0,17,0,0,388,5510,219937,177.36512599996058,5.329320000048028,0.12181670741755535,0.45621565934065933,0.586909954264712,main,hungarian,180.71322800000053
console,16,200,0.15,4,hungarian,pp,20,5,1,1333,200,0,0,15.003750937734434,57.365,6.255,51.11,10222,12188,203,0,0,16,0,0,332,4705,204523,153.4938409999413,4.341220999962388,0.11514916804196648,0.47927606901725434,0.6844928472949273,main,hungarian,156.2198869999993
console,16,200,0.15,5,hungarian,pp,20,5,1,1535,200,0,0,13.029315960912053,61.055,9.245,51.81,10362,12528,173,0,0,16,1,0,382,5390,200279,147.58748400001787,4.006854000028397,0.09614819804561424,0.4219055374592834,0.6202229146697219,main,hungarian,150.4520850000008
console,16,200,0.15,1,pact-proxy,pp,20,5,1,1550,200,0,0,12.903225806451612,53.83,4.27,49.56,9912,12371,186,0,0,16,3,0,365,5197,162654,128.98317400001906,6.758025000017369,0.08321495096775423,0.3996774193548387,0.6293858060718294,main,pact-proxy,131.86015100000077
console,16,200,0.15,2,pact-proxy,pp,20,5,1,1400,200,0,0,14.285714285714286,60.45,8.805,51.645,10329,12607,142,0,0,16,0,0,374,5262,204396,156.9629950000308,6.1730580000185,0.11211642500002199,0.4611160714285714,0.6172266031580134,main,pact-proxy,159.83619700000054
console,16,200,0.15,3,pact-proxy,pp,20,5,1,1458,200,0,0,13.717421124828531,58.195,6.21,51.985,10397,12896,136,0,0,17,1,0,381,5432,184521,149.0351199999859,7.107688000029157,0.1022188751714581,0.445687585733882,0.5524599542647122,main,pact-proxy,151.93491899999935
console,16,200,0.15,4,pact-proxy,pp,20,5,1,1327,200,0,0,15.071590052750565,58.435,7.005,51.43,10286,12327,187,0,0,16,0,0,339,4837,202786,154.4988879999437,6.919006000032823,0.11642719517704875,0.484457422758101,0.6605428472949272,main,pact-proxy,157.32134700000097
console,16,200,0.15,5,pact-proxy,pp,20,5,1,1540,200,0,0,12.987012987012987,61.36,9.52,51.84,10368,12690,213,0,0,16,0,0,383,5394,204681,160.74198700007764,7.3477810000113095,0.10437791363641405,0.42077922077922075,0.6088479146697215,main,pact-proxy,163.7935980000002
console,16,200,0.15,1,pact,pp,20,5,1,1545,200,0,0,12.944983818770227,52.725,3.46,49.265,9853,12478,178,0,0,16,2,0,356,6677,189394,152.01319200000944,36.09364399998958,0.0983904155339867,0.398584142394822,0.6110608060718292,main,pact,155.44817399999738
console,16,200,0.15,2,pact,pp,20,5,1,1380,200,0,0,14.492753623188406,60.15,8.225,51.925,10385,12637,182,0,0,16,1,0,372,6508,254410,189.19910700002583,30.44172400001844,0.13710080217393175,0.47033514492753625,0.6252516031580131,main,pact,191.91410299999916
console,16,200,0.15,3,pact,pp,20,5,1,1468,200,0,0,13.623978201634877,60.705,7.56,53.145,10629,13004,147,0,0,16,0,0,377,6657,232189,180.70032700003503,30.848246999958064,0.12309286580383857,0.45252895095367845,0.5739849542647119,main,pact,183.6564679999974
console,16,200,0.15,4,pact,pp,20,5,1,1339,200,0,0,14.936519790888722,57.94,6.82,51.12,10224,12258,176,0,0,15,1,0,343,6150,228646,178.09145600002012,31.949090999991313,0.13300332785662444,0.4772218073188947,0.6284428472949277,main,pact,180.94088600000032
console,16,200,0.15,5,pact,pp,20,5,1,1540,200,0,0,12.987012987012987,61.795,10.28,51.515,10303,12714,180,0,0,16,0,0,376,6804,228664,174.88002200001574,34.79742699998678,0.11355845584416607,0.41814123376623374,0.6173979146697212,main,pact,178.10399099999995
console,16,200,inf,1,greedy,pp,20,5,1,974,200,0,0,20.53388090349076,391.8,337.46,54.34,10868,10405,239,0,0,14,4,0,332,4620,330959,225.20876399999906,4.65582300000824,0.2312204969199169,0.6973819301848049,0.7086608060718199,main,greedy,227.5343729999986
console,16,200,inf,2,greedy,pp,20,5,1,1015,200,0,0,19.704433497536947,413.58,357.34,56.24,11248,11107,223,0,0,15,3,0,347,4813,322000,222.176345999982,4.6751469999871915,0.2188929517241202,0.6926108374384237,0.7380266031580077,main,greedy,224.35377099999823
console,16,200,inf,3,greedy,pp,20,5,1,1000,200,0,0,20,417.57,360.98,56.59,11318,11146,211,0,0,16,0,0,339,4629,324656,226.81334400003107,4.865334999973129,0.22681334400003106,0.707375,0.7338349542647048,main,greedy,228.99489999999787
console,16,200,inf,4,greedy,pp,20,5,1,974,200,0,0,20.53388090349076,416.9,358.76,58.14,11628,11208,294,0,0,14,2,0,329,4565,335228,231.51390500002526,5.1581400000141,0.23769394763862964,0.7461498973305954,0.6570928472949219,main,greedy,233.74172499999986
console,16,200,inf,5,greedy,pp,20,5,1,1045,200,0,0,19.138755980861244,425.34,367.38,57.96,11592,11365,233,0,0,16,1,0,353,4852,357641,243.88149700003123,5.198985999963043,0.23337942296653708,0.6933014354066985,0.7204729146697129,main,greedy,246.16719800000283
console,16,200,inf,1,hungarian,pp,20,5,1,996,200,0,0,20.080321285140563,394.345,339.31,55.035,11007,10525,281,0,0,14,5,0,354,4899,375236,249.3678769999933,5.165448999916407,0.25036935441766395,0.6907003012048193,0.7229608060718202,main,hungarian,251.4697479999959
console,16,200,inf,2,hungarian,pp,20,5,1,990,200,0,0,20.2020202020202,405.635,350.13,55.505,11101,11005,175,0,0,16,0,0,344,4706,297132,207.79706000003353,5.5938810000589,0.20989602020205406,0.7008207070707071,0.7357766031580073,main,hungarian,209.8738910000029
console,16,200,inf,3,hungarian,pp,20,5,1,1060,200,0,0,18.867924528301888,415.205,359,56.205,11241,11177,226,0,0,15,0,0,351,4831,312557,224.15425199998572,6.571200999940629,0.21146627547168464,0.6627948113207547,0.7144349542647057,main,hungarian,226.3816399999996
console,16,200,inf,4,hungarian,pp,20,5,1,949,200,0,0,21.07481559536354,408.245,350.65,57.595,11519,11179,217,0,0,15,1,0,324,4484,331406,225.67677400001412,5.518878999951994,0.23780481981034154,0.758627502634352,0.6580178472949215,main,hungarian,227.87981000000582
console,16,200,inf,5,hungarian,pp,20,5,1,982,200,0,0,20.36659877800407,411.925,355.03,56.895,11379,11208,211,0,0,16,2,0,348,4740,310096,221.26207199993223,5.299885999862454,0.22531779226062346,0.7242235234215886,0.6859979146697116,main,hungarian,223.77260699999897
console,16,200,inf,1,pact-proxy,pp,20,5,1,1044,200,0,0,19.157088122605366,395.87,341.665,54.205,10841,10590,267,0,0,14,0,0,350,4936,372360,246.5040819999631,6.838764999854902,0.23611502107276158,0.6490062260536399,0.6737108060718212,main,pact-proxy,248.6780940000026
console,16,200,inf,2,pact-proxy,pp,20,5,1,1024,200,0,0,19.53125,418.535,361.485,57.05,11410,11142,256,0,0,16,1,0,356,4830,370951,253.34078299994871,6.6801200000045355,0.24740310839838742,0.6964111328125,0.7604766031580078,main,pact-proxy,255.5394210000013
console,16,200,inf,3,pact-proxy,pp,20,5,1,985,200,0,0,20.304568527918782,414.905,358.87,56.035,11207,11013,204,0,0,15,1,0,336,4621,328469,223.90952100004506,6.3289829999848735,0.22731931065994423,0.7111040609137056,0.7139099542647048,main,pact-proxy,226.0044710000002
console,16,200,inf,4,pact-proxy,pp,20,5,1,981,200,0,0,20.387359836901123,406.78,349.845,56.935,11387,11155,265,0,0,15,1,0,330,4573,342067,233.7348000000202,6.26146299992979,0.2382617737003264,0.7254714576962283,0.722367847294922,main,pact-proxy,235.84783600000083
console,16,200,inf,5,pact-proxy,pp,20,5,1,960,200,0,0,20.833333333333332,418.4,360.605,57.795,11559,11084,260,0,0,16,4,0,332,4527,338064,227.30460299990227,6.313348000017868,0.2367756281248982,0.7525390625,0.6631229146697114,main,pact-proxy,229.4161129999993
console,16,200,inf,1,pact,pp,20,5,1,1040,200,0,0,19.23076923076923,400.675,346.385,54.29,10858,10637,259,0,0,14,2,0,349,5802,366802,255.05687199999375,24.596175000020594,0.2452469923076863,0.6525240384615385,0.7131108060718208,main,pact,257.4391440000036
console,16,200,inf,2,pact,pp,20,5,1,994,200,0,0,20.120724346076457,407.08,351.68,55.4,11080,10956,184,0,0,16,1,0,349,5616,317794,227.85632300010911,20.402766000108386,0.22923171327978784,0.6966800804828974,0.7670016031580076,main,pact,230.05938400000014
console,16,200,inf,3,pact,pp,20,5,1,1050,200,0,0,19.047619047619047,419,363.02,55.98,11196,11071,235,0,0,15,2,0,355,5832,355970,247.06110399996396,23.957825000012235,0.2352962895237752,0.6664285714285715,0.708084954264706,main,pact,249.5494269999981
console,16,200,inf,4,pact,pp,20,5,1,1005,200,0,0,19.90049751243781,407.215,350.58,56.635,11327,11327,194,0,0,16,1,0,351,5700,364676,247.7127960000289,20.82055000001128,0.2464803940298795,0.7044154228855721,0.7151428472949221,main,pact,249.87818100000004
console,16,200,inf,5,pact,pp,20,5,1,952,200,0,0,21.008403361344538,409.185,352.29,56.895,11379,11046,197,0,0,15,1,0,332,5378,336059,237.240011000089,21.70494900005724,0.24920169222698424,0.747045693277311,0.6594729146697114,main,pact,239.32751600000483
console,32,200,0.15,1,greedy,pp,20,5,1,1510,200,0,0,13.245033112582782,44.09,2.535,41.555,8311,12382,189,0,0,19,0,0,340,10325,169800,148.45209900022746,6.5929980000146315,0.0983126483445215,0.17199917218543045,0.5238860793333654,main,greedy,153.02850200000103
console,32,200,0.15,2,greedy,pp,20,5,1,1383,200,0,0,14.461315979754158,49.485,5.565,43.92,8784,12696,266,0,0,18,1,0,344,10343,242253,192.98861299999407,5.902688000052876,0.13954346565437026,0.1984815618221258,0.5560137396293362,main,greedy,197.28989299999375
console,32,200,0.15,3,greedy,pp,20,5,1,1433,200,0,0,13.956734124214934,47.62,3.515,44.105,8821,12878,215,0,0,16,0,0,334,10131,202778,165.61696000007214,5.876872999957413,0.11557359385908733,0.19236304954640615,0.5022279469496308,main,greedy,170.41956399999617
console,32,200,0.15,4,greedy,pp,20,5,1,1332,200,0,0,15.015015015015015,45.75,3.545,42.205,8441,12233,239,0,0,12,2,0,315,9633,214736,170.2220610000295,5.237391999871761,0.12779434009011223,0.19803397147147148,0.448126511725068,main,greedy,174.24144499999966
console,32,200,0.15,5,greedy,pp,20,5,1,1525,200,0,0,13.114754098360656,46.655,3.345,43.31,8662,13084,177,0,0,20,1,0,343,10301,180659,155.5939250000156,5.534051999959047,0.10202880327869875,0.1775,0.5405907585848445,main,greedy,160.13739899999928
console,32,200,0.15,1,hungarian,pp,20,5,1,1505,200,0,0,13.289036544850498,42.86,2.32,40.54,8108,12271,139,0,0,17,0,0,344,10471,147837,133.95690699998522,7.525904999973136,0.08900791162789716,0.16835548172757475,0.5008485793333652,main,hungarian,138.68604400000186
console,32,200,0.15,2,hungarian,pp,20,5,1,1383,200,0,0,14.461315979754158,49.485,5.565,43.92,8784,12696,266,0,0,18,1,0,344,10343,242253,190.49649599997065,6.250165000012203,0.13774150108457747,0.1984815618221258,0.5560137396293362,main,hungarian,194.73563300000387
console,32,200,0.15,3,hungarian,pp,20,5,1,1426,200,0,0,14.025245441795231,47.835,3.55,44.285,8857,12823,238,0,0,15,0,0,343,10437,217574,180.95637099996384,5.910051000057138,0.1268978758765525,0.19409624824684432,0.4725029469496306,main,hungarian,185.41454499999963
console,32,200,0.15,4,hungarian,pp,20,5,1,1335,200,0,0,14.9812734082397,45.99,3.68,42.31,8462,12319,244,0,0,15,1,0,316,9671,215928,174.54481699998723,6.5566100000505685,0.13074518127339868,0.1980805243445693,0.4967265117250681,main,hungarian,179.1107489999995
console,32,200,0.15,5,hungarian,pp,20,5,1,1515,200,0,0,13.201320132013201,46.49,3.345,43.145,8629,12990,170,0,0,19,1,0,341,10251,195847,164.35816799993336,5.904998999954842,0.1084872396039164,0.17799092409240924,0.539253258584845,main,hungarian,168.89612699999998
console,32,200,0.15,1,pact-proxy,pp,20,5,1,1515,200,0,0,13.201320132013201,42.71,2.265,40.445,8089,12468,155,0,0,17,1,0,339,10301,138600,137.83814899998833,15.257260000020324,0.09098227656764907,0.1668523102310231,0.5103360793333658,main,pact-proxy,142.7390430000014
console,32,200,0.15,2,pact-proxy,pp,20,5,1,1402,200,0,0,14.265335235378032,49.33,5.28,44.05,8810,12866,254,0,0,18,3,0,346,10392,235465,194.18879699989338,13.054193000025407,0.13850841440791253,0.1963712553495007,0.5452012396293359,main,pact-proxy,198.44706399999995
console,32,200,0.15,3,pact-proxy,pp,20,5,1,1421,200,0,0,14.074595355383533,47.585,3.62,43.965,8793,12942,192,0,0,16,0,0,331,10045,201983,174.87419599996065,14.997920000016165,0.12306417733987378,0.19337174524982406,0.49685294694963045,main,pact-proxy,179.99720999999408
console,32,200,0.15,4,pact-proxy,pp,20,5,1,1335,200,0,0,14.9812734082397,45.065,3.31,41.755,8351,12276,238,0,0,15,1,0,329,10107,208217,193.03070200012007,16.62650399992708,0.14459228614241204,0.1954822097378277,0.49065151172506855,main,pact-proxy,197.83382999999594
console,32,200,0.15,5,pact-proxy,pp,20,5,1,1519,200,0,0,13.166556945358789,47.225,3.435,43.79,8758,13242,173,0,0,19,2,0,352,10575,191577,170.769180000083,14.665078999947582,0.1124221066491659,0.18017610269914416,0.5235407585848444,main,pact-proxy,175.67095600000175
console,32,200,0.15,1,pact,pp,20,5,1,1503,200,0,0,13.30671989354624,42.735,2.345,40.39,8078,12335,174,0,0,17,0,0,335,15207,258264,234.72823799993785,111.47302499991201,0.1561731457085415,0.16795575515635397,0.5137860793333656,main,pact,239.4162260000012
console,32,200,0.15,2,pact,pp,20,5,1,1387,200,0,0,14.419610670511895,49.24,5.225,44.015,8803,12663,303,0,0,18,2,0,340,14818,350822,288.5581530000054,101.24970399996528,0.2080448111031041,0.1983372386445566,0.5271137396293357,main,pact,293.03063299999485
console,32,200,0.15,3,pact,pp,20,5,1,1424,200,0,0,14.044943820224718,48.51,3.7,44.81,8962,12886,259,0,0,18,0,0,332,14774,327770,281.22307100005855,104.7546840000141,0.19748811165734448,0.19667310393258428,0.4909904469496299,main,pact,286.16277499999705
console,32,200,0.15,4,pact,pp,20,5,1,1330,200,0,0,15.037593984962406,46.225,3.57,42.655,8531,12389,274,0,0,14,1,0,321,14514,329831,285.69702999995206,102.40260499995202,0.21480979699244515,0.20044642857142858,0.4735515117250677,main,pact,290.7950129999954
console,32,200,0.15,5,pact,pp,20,5,1,1528,200,0,0,13.089005235602095,46.42,3.355,43.065,8613,13059,175,0,0,19,0,0,352,15419,288642,248.89898800002265,99.24487499997485,0.16289200785341798,0.1761493782722513,0.5139657585848448,main,pact,253.45941499999753
console,32,200,inf,1,greedy,pp,20,5,1,806,200,0,0,24.81389578163772,297.48,249.695,47.785,9557,11689,417,0,0,9,3,0,310,9395,567641,381.78274999998393,6.310159999935422,0.4736758684863324,0.37054125310173697,0.4874985793333522,main,greedy,384.8103740000006
console,32,200,inf,2,greedy,pp,20,5,1,655,200,0,0,30.53435114503817,301.68,252.78,48.9,9780,11783,447,0,0,9,9,0,266,8088,547722,373.4312709999431,5.850313999966602,0.5701240778625085,0.4666030534351145,0.47435123962932196,main,greedy,376.27045999999973
console,32,200,inf,3,greedy,pp,20,5,1,690,200,0,0,28.985507246376812,299.79,251.315,48.475,9695,12197,349,0,0,8,3,0,268,8210,540102,371.57309499990515,6.628377000008186,0.5385117318839205,0.43908514492753625,0.45822794694961577,main,greedy,374.4276979999995
console,32,200,inf,4,greedy,pp,20,5,1,650,200,0,0,30.76923076923077,302.19,252.835,49.355,9871,11907,436,0,0,6,1,0,271,8356,590869,403.4684750000888,5.8538469999984954,0.6207207307693674,0.4745673076923077,0.4378140117250552,main,greedy,406.3260070000033
console,32,200,inf,5,greedy,pp,20,5,1,645,200,0,0,31.007751937984494,301.63,252.085,49.545,9909,12146,429,0,0,7,5,0,267,8229,575236,395.3575729999866,6.02323100004287,0.612957477519359,0.48008720930232557,0.41764075858482863,main,greedy,398.2665329999945
console,32,200,inf,1,hungarian,pp,20,5,1,750,200,0,0,26.666666666666668,300.905,252.25,48.655,9731,11732,397,0,0,8,5,0,287,8756,536694,362.2177439999723,6.857202000035613,0.48295699199996306,0.4054583333333333,0.44984857933335093,main,hungarian,365.1004260000045
console,32,200,inf,2,hungarian,pp,20,5,1,640,200,0,0,31.25,298.96,250.15,48.81,9762,11999,399,0,0,9,5,0,272,8237,538772,376.7255629999636,6.184187999991991,0.5886336921874431,0.47666015625,0.4612262396293216,main,hungarian,379.5278440000038
console,32,200,inf,3,hungarian,pp,20,5,1,701,200,0,0,28.530670470756064,302.76,253.755,49.005,9801,11939,410,0,0,7,5,0,279,8558,564033,387.60658499991405,6.6124390000259154,0.5529337874463823,0.4369204707560628,0.4327404469496163,main,hungarian,390.3938070000004
console,32,200,inf,4,hungarian,pp,20,5,1,625,200,0,0,32,295.705,246.785,48.92,9784,11944,416,0,0,6,5,0,250,7768,531124,368.24747299988667,6.6601779999400605,0.5891959567998186,0.4892,0.4326265117250547,main,hungarian,370.9146150000015
console,32,200,inf,5,hungarian,pp,20,5,1,655,200,0,0,30.53435114503817,300.56,250.835,49.725,9945,12161,394,0,0,6,6,0,262,8090,531456,371.9217380001137,7.232777999932296,0.5678194473284178,0.47447519083969464,0.41429075858482844,main,hungarian,374.7711990000025
console,32,200,inf,1,pact-proxy,pp,20,5,1,768,200,0,0,26.041666666666668,291.345,244.435,46.91,9382,11885,379,0,0,9,3,0,299,9142,541058,386.9217840000201,12.312847000022884,0.5038044062500262,0.3817545572916667,0.46874857933335123,main,pact-proxy,389.9998210000049
console,32,200,inf,2,pact-proxy,pp,20,5,1,665,200,0,0,30.075187969924812,306.015,256.41,49.605,9921,12144,430,0,0,7,5,0,261,7950,518543,372.4419339999222,11.872150000024703,0.5600630586464995,0.4662124060150376,0.4597512396293221,main,pact-proxy,375.36056700000336
console,32,200,inf,3,pact-proxy,pp,20,5,1,715,200,0,0,27.972027972027973,310.885,261.05,49.835,9967,12335,375,0,0,8,5,0,274,8364,553488,386.4457250000414,11.733947000007902,0.5404835314685894,0.4356206293706294,0.45107794694961617,main,pact-proxy,389.39793700000155
console,32,200,inf,4,pact-proxy,pp,20,5,1,635,200,0,0,31.496062992125985,297.67,248.535,49.135,9827,12193,460,0,0,6,3,0,259,8010,546018,383.3474979998209,12.140740999922855,0.6036968472438125,0.48361220472440947,0.42017651172505444,main,pact-proxy,386.2424119999996
console,32,200,inf,5,pact-proxy,pp,20,5,1,645,200,0,0,31.007751937984494,298.945,250,48.945,9789,12350,380,0,0,6,8,0,267,8189,539338,394.2307859999346,13.0948659999558,0.6112105209301312,0.47427325581395346,0.4292782585848285,main,pact-proxy,397.76253500000166
console,32,200,inf,1,pact,pp,20,5,1,760,200,0,0,26.31578947368421,294.595,247,47.595,9519,11914,352,0,0,11,4,0,303,12057,639720,464.60026199987624,84.41403799994441,0.6113161342103635,0.39140625,0.48636107933335126,main,pact,467.7491710000031
console,32,200,inf,2,pact,pp,20,5,1,644,200,0,0,31.055900621118013,311.475,261.655,49.82,9964,11958,392,0,0,8,4,0,259,10602,624480,449.1590889999643,76.86229200000525,0.6974520015527396,0.48350155279503104,0.45608873962932167,main,pact,452.048023000003
console,32,200,inf,3,pact,pp,20,5,1,727,200,0,0,27.51031636863824,308.145,257.305,50.84,10168,12334,468,0,0,8,6,0,268,11031,670608,459.5379319999993,76.57501100000081,0.6321016946354873,0.43707015130674004,0.4542279469496162,main,pact,462.52927400000044
console,32,200,inf,4,pact,pp,20,5,1,654,200,0,0,30.581039755351682,294.775,246.12,48.655,9731,12311,418,0,0,7,3,0,264,10981,612837,432.9956939999465,75.80800899998576,0.6620729266054228,0.46497515290519875,0.4428390117250549,main,pact,435.87004400000296
console,32,200,inf,5,pact,pp,20,5,1,665,200,0,0,30.075187969924812,295.03,246.605,48.425,9685,12323,392,0,0,7,7,0,271,11078,625402,448.7769860000335,81.65899000000354,0.6748526105263661,0.45512218045112784,0.4418782585848286,main,pact,451.5545859999984
