layout,fleetSize,numTasks,arrivalRate,seed,alloc,mapf,window,period,wBattery,makespan,tasksCompleted,tasksUnfinished,deadlocked,throughput,meanServiceTime,meanWaitTime,meanExecTime,sumOfCosts,moveActions,waitActions,conflicts,depletionEvents,chargeSessions,holdEvents,cbsFallbacks,taskSwaps,epochs,astarCalls,expansions,plannerMs,allocMs,plannerMsPerTick,utilization,finalMeanSoc,audit_ticks,audit_robotTicks,audit_vertexConflicts,audit_swapConflicts,audit_illegalMoves,audit_depletions,audit_maxNoProgress,audit_maxWaitStreak,audit_maxTripWaits,audit_maxTripDelay,audit_maxSlotWait,audit_minSoc,sweep,variant,wallMs
warehouse,4,200,inf,1,hungarian,pp,20,5,1,4167,200,0,0,4.799616030717543,1976.24,1910.495,65.745,13149,13188,30,0,0,16,0,0,0,984,3373,85686,86.56264300007024,5.851755999981833,0.020773372450220838,0.7888768898488121,0.5137884586500047,4167,16668,0,0,0,0,49,2,5,39,4,0.05552548373583985,scaling,hungarian,97.46807699999772
warehouse,4,200,inf,2,hungarian,pp,20,5,1,4189,200,0,0,4.774409166865601,1959.175,1894.225,64.95,12990,13183,14,0,0,16,0,0,0,998,3431,76527,84.92405099995085,6.214320999861229,0.020273108379076355,0.7752446884698019,0.6292125736699484,4189,16756,0,0,0,0,41,2,3,18,1,0.0519254721703043,scaling,hungarian,95.45326399999612
warehouse,4,200,inf,3,hungarian,pp,20,5,1,4153,200,0,0,4.8157958102576455,1877.855,1813.6,64.255,12851,13063,15,0,0,16,0,0,0,979,3347,71305,82.37505800006329,5.6365760000408045,0.019835072959321767,0.7735973994702625,0.5668511433195366,4153,16612,0,0,0,0,37,2,3,27,1,0.05113108025696328,scaling,hungarian,92.83045799999672
warehouse,4,200,inf,4,hungarian,pp,20,5,1,3883,200,0,0,5.150656708730363,1817.795,1757.705,60.09,12018,12159,26,0,0,15,0,0,0,930,3201,76656,80.9040080000268,5.7110049999682815,0.020835438578425652,0.7737574040690188,0.6157238746649161,3883,15532,0,0,0,0,56,2,4,20,2,0.04852293968945898,scaling,hungarian,92.35567900000024
warehouse,4,200,inf,5,hungarian,pp,20,5,1,4025,200,0,0,4.968944099378882,1916.275,1853.745,62.53,12506,12587,6,0,0,16,0,0,0,957,3286,62813,68.72973900008947,4.907713000153308,0.017075711552817258,0.7767701863354037,0.7924825020886072,4025,16100,0,0,0,0,54,2,3,17,1,0.07357163664680161,scaling,hungarian,77.77426500000001
warehouse,4,200,inf,1,pact,pp,20,5,1,4186,200,0,0,4.777830864787386,1990.445,1925.065,65.38,13076,13239,37,0,0,16,1,0,0,987,4574,105417,106.6521289999946,27.24802799995814,0.025478291686573007,0.7809364548494984,0.5790884586500047,4186,16744,0,0,0,0,45,4,10,20,2,0.07993697029408248,scaling,pact,116.78558399999747
warehouse,4,200,inf,2,pact,pp,20,5,1,4189,200,0,0,4.774409166865601,1959.175,1894.225,64.95,12990,13183,14,0,0,16,0,0,0,998,4602,100776,97.68938800010801,27.521455999936734,0.023320455478660303,0.7752446884698019,0.6292125736699484,4189,16756,0,0,0,0,41,2,3,18,1,0.0519254721703043,scaling,pact,107.02289299999393
warehouse,4,200,inf,3,pact,pp,20,5,1,4157,200,0,0,4.811161895597787,1881.065,1816.74,64.325,12865,13056,16,0,0,16,0,0,0,992,4575,99894,105.3834040001675,30.31524400015769,0.025350830887699665,0.7736949723358191,0.5791511433195367,4157,16628,0,0,0,0,50,2,3,16,1,0.05491339188553751,scaling,pact,116.87264900000446
warehouse,4,200,inf,4,pact,pp,20,5,1,3890,200,0,0,5.141388174807198,1816.56,1756.44,60.12,12024,12103,22,0,0,16,0,0,0,943,4432,103078,102.16564100000687,27.295963999902597,0.026263660925451637,0.7727506426735219,0.6541238746649166,3890,15560,0,0,0,0,50,2,4,22,4,0.06192050995678117,scaling,pact,111.8720220000032
warehouse,4,200,inf,5,pact,pp,20,5,1,4055,200,0,0,4.932182490752158,1923.025,1860.095,62.93,12586,12641,36,0,0,16,0,0,0,966,4489,103615,103.05995700009225,26.85103499994875,0.025415525770676264,0.7759556103575832,0.8094825020886072,4055,16220,0,0,0,0,54,11,20,33,1,0.06228150513731173,scaling,pact,113.38115299999481
warehouse,8,200,inf,1,hungarian,pp,20,5,1,2149,200,0,0,9.306654257794323,993.585,927.46,66.125,13225,13393,59,0,0,16,0,0,0,570,3926,131168,114.46809599997505,5.904537000147684,0.053265749650988854,0.769253140995812,0.681535692006981,2149,17192,0,0,0,0,43,7,16,24,1,0.08737157056853273,scaling,hungarian,125.36403799999971
warehouse,8,200,inf,2,hungarian,pp,20,5,1,2177,200,0,0,9.186954524575103,978.85,912.8,66.05,13210,13417,77,0,0,16,1,0,0,602,4152,169673,148.8748859999614,6.62517100002151,0.06838534037664741,0.7584979329352319,0.658716756733231,2177,17416,0,0,0,0,38,7,16,35,1,0.06329921615235601,scaling,hungarian,160.66800499999954
warehouse,8,200,inf,3,hungarian,pp,20,5,1,2179,200,0,0,9.178522257916475,958.785,893.405,65.38,13076,13423,44,0,0,16,0,0,0,591,4046,138211,119.548583999931,5.37118299993017,0.05486396695728821,0.7501147315282239,0.5828703184639371,2179,17432,0,0,0,0,36,2,5,36,1,0.07066400482486956,scaling,hungarian,130.17186799999763
warehouse,8,200,inf,4,hungarian,pp,20,5,1,1991,200,0,0,10.045203415369162,912.93,852.255,60.675,12135,12413,45,0,0,15,0,0,0,541,3730,120432,106.6618640000379,5.630166000017198,0.05357200602714108,0.7618658965344048,0.6008711564639843,1991,15928,0,0,0,0,31,2,4,24,3,0.04809574423879523,scaling,hungarian,116.59542399999918
warehouse,8,200,inf,5,hungarian,pp,20,5,1,2086,200,0,0,9.587727708533079,957.11,893.48,63.63,12726,12863,41,0,0,16,0,0,0,575,3956,129640,116.71652499998163,5.431200999970315,0.05595231303930088,0.7625838926174496,0.7420105385232513,2086,16688,0,0,0,0,35,2,5,41,1,0.05765210626777473,scaling,hungarian,127.82911400000012
warehouse,8,200,inf,1,pact,pp,20,5,1,2149,200,0,0,9.306654257794323,993.585,927.46,66.125,13225,13393,59,0,0,16,0,0,0,570,5098,156194,135.6126720000102,26.892552999895997,0.063105012563988,0.769253140995812,0.681535692006981,2149,17192,0,0,0,0,43,7,16,24,1,0.08737157056853273,scaling,pact,146.36743299999944
warehouse,8,200,inf,2,pact,pp,20,5,1,2156,200,0,0,9.276437847866418,967.4,901.845,65.555,13111,13324,73,0,0,16,1,0,0,592,5252,163847,138.3404589999991,26.255326999889803,0.06416533348794021,0.7601461038961039,0.6787167567332307,2156,17248,0,0,0,0,39,7,16,28,1,0.06324397350605643,scaling,pact,148.74371200000314
warehouse,8,200,inf,3,pact,pp,20,5,1,2131,200,0,0,9.385265133740027,940.5,876.165,64.335,12867,13191,48,0,0,16,0,0,0,575,5077,143756,124.34717900006217,25.947418999938236,0.058351562177410686,0.7547512904739558,0.6143703184639365,2131,17048,0,0,0,0,40,6,9,30,1,0.05116478731129509,scaling,pact,134.10780500000692
warehouse,8,200,inf,4,pact,pp,20,5,1,2026,200,0,0,9.871668311944719,911.33,850.105,61.225,12245,12477,42,0,0,16,0,0,0,562,5019,158981,134.05517099984718,26.630493999895407,0.0661674091805761,0.7554911154985192,0.6375211564639844,2026,16208,0,0,0,0,34,2,5,37,1,0.07309574423879578,scaling,pact,144.02685400000337
warehouse,8,200,inf,5,pact,pp,20,5,1,2071,200,0,0,9.657170449058427,948.23,885.575,62.655,12531,12709,38,0,0,16,0,0,0,580,5144,140843,127.24252000009437,29.38525199997821,0.06144013520043186,0.7563375181071946,0.7402605385232515,2071,16568,0,0,0,0,44,4,5,22,1,0.07605210626777295,scaling,pact,137.44380299999466
warehouse,16,200,inf,1,hungarian,pp,20,5,1,1132,200,0,0,17.6678445229682,506.905,439.265,67.64,13528,13827,110,0,0,16,0,0,0,366,5008,231356,196.29250700016564,6.486153999983799,0.17340327473512865,0.7469081272084805,0.6720358060718186,1132,18112,0,0,0,0,17,8,17,39,54,0.055951751479506706,scaling,hungarian,208.6110950000002
warehouse,16,200,inf,2,hungarian,pp,20,5,1,1164,200,0,0,17.18213058419244,508.975,441.18,67.795,13559,13986,93,0,0,16,0,0,0,372,5108,243907,194.83286700001918,7.116438000055496,0.16738218814434638,0.7280390893470791,0.6585266031580069,1164,18624,0,0,0,0,23,6,10,39,77,0.04766020471509594,scaling,hungarian,206.19097400000464
warehouse,16,200,inf,3,hungarian,pp,20,5,1,1230,200,0,0,16.260162601626018,499.19,431.21,67.98,13596,14172,114,0,0,16,0,0,0,396,5473,266833,206.77097299991874,5.812590999972599,0.16810648211375506,0.6908536585365853,0.6135599542647054,1230,19680,0,0,0,0,29,7,16,43,1,0.050564019314759096,scaling,hungarian,219.57190999999875
warehouse,16,200,inf,4,hungarian,pp,20,5,1,1093,200,0,0,18.298261665141812,464.04,400.07,63.97,12794,13066,143,0,0,16,3,0,0,366,5020,290489,217.41614100004517,5.397183999943081,0.19891687191220966,0.7315873741994511,0.7301928472949216,1093,17488,0,0,0,0,28,6,10,40,13,0.06619862137902574,scaling,hungarian,228.62741899999673
warehouse,16,200,inf,5,hungarian,pp,20,5,1,1106,200,0,0,18.083182640144667,474.3,409.88,64.42,12884,13201,132,0,0,16,1,0,0,362,4949,234056,182.17280999997456,5.334386999980779,0.16471320976489562,0.7280741410488246,0.7107229146697116,1106,17696,0,0,0,0,18,9,22,43,84,0.0512107501100752,scaling,hungarian,193.3060500000065
warehouse,16,200,inf,1,pact,pp,20,5,1,1152,200,0,0,17.36111111111111,512.935,444.715,68.22,13644,13940,159,0,0,16,2,0,0,371,6266,294082,221.6043229999268,30.50352700003714,0.19236486371521425,0.740234375,0.650035806071819,1152,18432,0,0,0,0,31,7,13,48,5,0.07341943030059417,scaling,pact,232.9765000000043
warehouse,16,200,inf,2,pact,pp,20,5,1,1166,200,0,0,17.152658662092623,503.565,435.84,67.725,13545,13931,102,0,0,16,0,0,0,378,6409,268947,211.26374499998929,29.030284999971627,0.18118674528300968,0.7260398799313894,0.6657516031580072,1166,18656,0,0,0,0,31,6,10,40,46,0.04901586185023232,scaling,pact,223.04136100000323
warehouse,16,200,inf,3,pact,pp,20,5,1,1150,200,0,0,17.391304347826086,497.845,429.22,68.625,13725,14023,116,0,0,16,1,0,0,373,6303,279816,216.0357339999464,29.035126999981003,0.1878571599999534,0.7459239130434783,0.6262849542647039,1150,18400,0,0,0,0,17,7,13,43,1,0.05490028329752403,scaling,pact,227.82950600000186
warehouse,16,200,inf,4,pact,pp,20,5,1,1085,200,0,0,18.433179723502302,460.02,396.35,63.67,12734,12944,137,0,0,16,1,0,0,358,6109,300002,220.81474699992395,28.24757899998076,0.20351589585246446,0.7335253456221198,0.6891428472949217,1085,17360,0,0,0,0,27,6,10,40,1,0.05893096032366271,scaling,pact,232.6975139999995
warehouse,16,200,inf,5,pact,pp,20,5,1,1100,200,0,0,18.181818181818183,478.155,413.77,64.385,12877,13309,134,0,0,16,0,0,0,364,6160,276739,211.4901889998946,28.50223200010805,0.19226380818172237,0.7316477272727273,0.6967729146697114,1100,17600,0,0,0,0,15,14,23,43,66,0.06570640628654617,scaling,pact,223.58050999999978
warehouse,24,200,inf,1,hungarian,pp,20,5,1,872,200,0,0,22.93577981651376,354,280.225,73.775,14755,15048,195,0,0,19,1,0,0,316,6557,388338,286.858193,5.665380999933404,0.3289658176605505,0.7050363149847095,0.594346538186603,872,20928,0,0,0,0,55,15,21,64,239,0.05090965804774361,scaling,hungarian,300.4884850000017
warehouse,24,200,inf,2,hungarian,pp,20,5,1,784,200,0,0,25.510204081632654,342.015,269.605,72.41,14482,14493,187,0,0,15,3,0,0,291,6217,372213,280.7716459999501,5.414680000067165,0.3581270994897323,0.7696641156462585,0.4855318821978536,784,18816,0,0,0,0,30,14,19,50,182,0.01497267570886799,scaling,hungarian,293.6618449999951
warehouse,24,200,inf,3,hungarian,pp,20,5,1,925,200,0,0,21.62162162162162,342.785,271.045,71.74,14348,14983,211,0,0,20,7,0,0,320,6730,409161,294.78667000002315,6.345445000013569,0.31868829189191694,0.6463063063063063,0.635648470471942,925,22200,0,0,0,0,51,8,17,65,211,0.05681183315348065,scaling,hungarian,308.1991500000004
warehouse,24,200,inf,4,hungarian,pp,20,5,1,741,200,0,0,26.99055330634278,319.13,251.215,67.915,13583,13513,219,0,0,11,3,0,0,274,6160,416375,293.5792369999908,5.273965000007593,0.39619330229418465,0.7637764282501125,0.4490485974596448,741,17784,0,0,0,0,27,11,18,58,69,0.05477433860749095,scaling,hungarian,305.6139140000014
warehouse,24,200,inf,5,hungarian,pp,20,5,1,780,200,0,0,25.641025641025642,340.325,269.41,70.915,14183,14062,166,0,0,15,1,0,0,290,6325,387792,279.79364000004716,5.500651000031212,0.35870979487185534,0.7576388888888889,0.5091369078398779,780,18720,0,0,0,0,20,11,16,42,58,0.06636860062014302,scaling,hungarian,292.27355700000044
warehouse,24,200,inf,1,pact,pp,20,5,1,826,200,0,0,24.213075060532688,347.825,276.505,71.32,14264,14659,190,0,0,17,3,0,0,307,7383,411005,306.7153660000622,26.542160000040894,0.3713261089589131,0.7195318805488297,0.5567132048532691,826,19824,0,0,0,0,37,7,16,48,188,0.043136970294080645,scaling,pact,319.8038089999973
warehouse,24,200,inf,2,pact,pp,20,5,1,820,200,0,0,24.390243902439025,341.92,270.16,71.76,14352,14528,188,0,0,17,1,0,0,292,7195,393889,289.2745590000195,27.838135000005423,0.3527738524390482,0.7292682926829268,0.5705485488645206,820,19680,0,0,0,0,49,8,22,57,87,0.05660078683216185,scaling,pact,302.2653019999998
warehouse,24,200,inf,3,pact,pp,20,5,1,907,200,0,0,22.05071664829107,347.55,275.505,72.045,14409,14710,151,0,0,18,1,0,0,324,7872,423820,314.99224999998114,28.041338000060932,0.34729024255786234,0.6619349503858876,0.6221318038052749,907,21768,0,0,0,0,30,6,14,83,96,0.01981428874507557,scaling,pact,329.2789449999982
warehouse,24,200,inf,4,pact,pp,20,5,1,710,200,0,0,28.169014084507044,317.645,249.585,68.06,13612,13326,223,0,0,9,1,0,0,271,7057,464079,330.11970999989717,25.491939999948954,0.4649573380280242,0.7988262910798122,0.41728193079297754,710,17040,0,0,0,0,22,8,12,44,60,0.058233950457163675,scaling,pact,342.8500500000009
warehouse,24,200,inf,5,pact,pp,20,5,1,752,200,0,0,26.595744680851062,333.71,263.665,70.045,14009,14163,190,0,0,13,1,0,0,279,6979,399000,291.712140999909,26.04478000007657,0.3879150811169003,0.776207890070922,0.46760357450654405,752,18048,0,0,0,0,16,12,23,54,129,0.03614373187813952,scaling,pact,304.28191199999856
warehouse,32,200,inf,1,hungarian,pp,20,5,1,705,200,0,0,28.368794326241133,297.995,231.065,66.93,13386,15300,245,0,0,13,2,0,0,272,8129,473514,360.1737960001119,6.850013000075705,0.5108848170214353,0.5933510638297872,0.4482985793333474,705,22560,0,0,0,0,38,8,13,56,92,0.12100701557509735,scaling,hungarian,376.25052900000446
warehouse,32,200,inf,2,hungarian,pp,20,5,1,630,200,0,0,31.746031746031747,294.28,225.21,69.07,13814,14840,188,0,0,9,0,0,0,258,7882,487522,363.85463899992465,6.4214110000029905,0.5775470460316264,0.685218253968254,0.37725123962931906,630,20160,0,0,0,0,16,4,10,115,49,0.08681586185023266,scaling,hungarian,377.9770750000025
warehouse,32,200,inf,3,hungarian,pp,20,5,1,729,200,0,0,27.434842249657063,286.895,219.315,67.58,13516,15319,199,0,0,11,0,0,0,295,8840,483651,356.6231190000981,6.0181650000522495,0.4891949506174185,0.5793895747599451,0.4531404469496138,729,23328,0,0,0,0,33,8,18,49,28,0.09909013895895419,scaling,hungarian,370.38357299999916
warehouse,32,200,inf,4,hungarian,pp,20,5,1,617,200,0,0,32.414910858995135,265.445,202.665,62.78,12556,13985,270,0,0,8,6,0,0,249,7693,506790,361.2788150000197,5.960364999977173,0.5855410291734516,0.6359400324149108,0.40156401172505285,617,19744,0,0,0,0,40,12,18,59,5,0.08412050995677817,scaling,hungarian,375.0782709999985
warehouse,32,200,inf,5,hungarian,pp,20,5,1,610,200,0,0,32.78688524590164,271.73,207.02,64.71,12942,14179,265,0,0,8,1,0,0,262,7962,523489,379.19404900007794,6.142821000030381,0.621629588524718,0.6630122950819672,0.4032282585848264,610,19520,0,0,0,0,20,11,18,79,72,0.09283096311502242,scaling,hungarian,396.54656700000487
warehouse,32,200,inf,1,pact,pp,20,5,1,697,200,0,0,28.694404591104735,303.325,234.485,68.84,13768,15605,292,0,0,13,4,0,0,264,9370,528718,396.8460500000292,45.23196300002746,0.5693630559541308,0.6172883787661406,0.42781107933334683,697,22304,0,0,0,0,26,8,16,72,44,0.0958984760493054,scaling,pact,412.3890010000032
warehouse,32,200,inf,2,pact,pp,20,5,1,629,200,0,0,31.79650238473768,291.905,223.36,68.545,13709,14998,209,0,0,9,4,0,0,266,9264,541665,396.49629200000345,40.26239799994073,0.6303597647058878,0.6810910174880763,0.39982623962931874,629,20128,0,0,0,0,22,12,17,72,94,0.08120056403186207,scaling,pact,410.7182260000045
warehouse,32,200,inf,3,pact,pp,20,5,1,735,200,0,0,27.210884353741495,291.305,222.49,68.815,13763,15514,249,0,0,15,0,0,0,284,9791,573356,427.0084150000257,41.387163000006694,0.5809638299320078,0.5851615646258503,0.4907779469496139,735,23520,0,0,0,0,51,12,22,62,144,0.09936164302248776,scaling,pact,442.16083100000105
warehouse,32,200,inf,4,pact,pp,20,5,1,635,200,0,0,31.496062992125985,274.395,209.665,64.73,12946,14291,368,0,0,9,8,0,0,254,9193,620065,446.63360900009866,41.39759899988712,0.7033600141733837,0.6371062992125984,0.40233901172505293,635,20320,0,0,0,0,40,12,22,59,5,0.10232050995677808,scaling,pact,461.65005999999994
warehouse,32,200,inf,5,pact,pp,20,5,1,620,200,0,0,32.25806451612903,275.965,210.48,65.485,13097,14278,251,0,0,9,4,0,0,246,8791,501499,373.46093400033715,37.766582999916864,0.6023563451618341,0.6601310483870968,0.41435325858482647,620,19840,0,0,0,0,17,11,14,53,50,0.08883096311502273,scaling,pact,387.33967600000324
warehouse,40,200,inf,1,hungarian,pp,20,5,1,664,200,0,0,30.120481927710845,275.68,213.905,61.775,12355,15258,270,0,0,9,3,0,0,268,10352,583140,425.74725799997395,7.9392229999939445,0.641185629518033,0.4651731927710843,0.4172909728780022,664,26560,0,0,0,0,37,8,17,86,21,0.10166580980643747,scaling,hungarian,442.97438800000236
warehouse,40,200,inf,2,hungarian,pp,20,5,1,564,200,0,0,35.46099290780142,261.205,199.49,61.715,12343,15180,276,0,0,8,3,0,0,246,9497,574395,419.32213299997966,6.8736100000096485,0.7434789592198221,0.5471187943262411,0.41369926941426777,564,22560,0,0,0,0,12,12,17,64,50,0.08750906878747103,scaling,hungarian,434.4630620000098
warehouse,40,200,inf,3,hungarian,pp,20,5,1,655,200,0,0,30.53435114503817,253.5,193.11,60.39,12078,15336,252,0,0,9,4,0,0,259,9877,510298,380.6467000000848,7.6488350000436185,0.5811400000001294,0.46099236641221375,0.4598477268803774,655,26200,0,0,0,0,30,6,16,79,5,0.07257790981009624,scaling,hungarian,395.8955260000075
warehouse,40,200,inf,4,hungarian,pp,20,5,1,570,200,0,0,35.08771929824562,250.365,192.075,58.29,11658,14115,343,0,0,7,6,0,0,242,9393,611334,443.33929100001114,6.979153999942355,0.777788229824581,0.5113157894736842,0.43499010752336514,570,22800,0,0,0,0,30,13,19,62,2,0.09943628574814681,scaling,hungarian,458.8423909999983
warehouse,40,200,inf,5,hungarian,pp,20,5,1,590,200,0,0,33.898305084745765,255.19,195.355,59.835,11967,14517,294,0,0,7,3,0,0,244,9437,549998,409.67972700000973,6.991848000136088,0.6943724186440843,0.5070762711864407,0.42658054048948857,590,23600,0,0,0,0,20,14,20,56,5,0.0812724362306308,scaling,hungarian,426.41173799999524
warehouse,40,200,inf,1,pact,pp,20,5,1,665,200,0,0,30.075187969924812,278.485,216.41,62.075,12415,15434,294,0,0,8,7,0,0,274,13611,696587,536.2323479998886,96.37348900022334,0.8063644330825392,0.46672932330827066,0.4053809728780019,665,26600,0,0,0,0,54,14,21,107,3,0.11013489332758042,scaling,pact,554.1038340000086
warehouse,40,200,inf,2,pact,pp,20,5,1,590,200,0,0,33.898305084745765,269.88,205.765,64.115,12823,15491,321,0,0,9,6,0,0,254,12438,686759,519.5853000000789,75.8659389999666,0.8806530508475913,0.5433474576271187,0.4094292694142682,590,23600,0,0,0,0,33,12,18,72,35,0.08151804661359818,scaling,pact,535.6217879999895
warehouse,40,200,inf,3,pact,pp,20,5,1,650,200,0,0,30.76923076923077,254.15,193.65,60.5,12100,15361,201,0,0,11,4,0,0,268,13011,579807,446.2622370001627,82.0528550001909,0.686557287692558,0.4653846153846154,0.47568772688037725,650,26000,0,0,0,0,28,12,19,66,44,0.1019964408406995,scaling,pact,462.41616000000795
warehouse,40,200,inf,4,pact,pp,20,5,1,577,200,0,0,34.66204506065858,246.735,188.9,57.835,11567,14449,318,0,0,8,6,0,0,250,12446,698373,532.0073729999713,82.10010400015744,0.92202317677638,0.5011698440207972,0.464740107523365,577,23080,0,0,0,0,22,12,18,50,5,0.11543628574814724,scaling,pact,548.5372950000019
warehouse,40,200,inf,5,pact,pp,20,5,1,585,200,0,0,34.18803418803419,255.98,195.49,60.49,12098,14775,279,0,0,9,2,0,0,242,12004,649914,480.27281600002607,78.03278100001626,0.8209791726496172,0.517008547008547,0.45544054048948845,585,23400,0,0,0,0,15,9,15,104,60,0.08576860062014446,scaling,pact,495.31025199999567
warehouse,48,200,inf,1,hungarian,pp,20,5,1,645,200,0,0,31.007751937984494,267.505,206.78,60.725,12145,15268,360,0,0,5,6,0,0,275,12900,643068,470.8024269998714,8.23541299997305,0.7299262434106533,0.39228036175710596,0.3979418122296867,645,30960,0,0,0,0,38,13,19,89,5,0.10273489332757937,scaling,hungarian,486.9498910000111
warehouse,48,200,inf,2,hungarian,pp,20,5,1,590,200,0,0,33.898305084745765,263.65,202.155,61.495,12299,15205,260,0,0,9,1,0,0,252,11656,613074,450.0295169999299,7.32669299992267,0.7627618932202201,0.4342867231638418,0.4744615875042057,590,28320,0,0,0,0,19,12,19,99,80,0.10610906878747073,scaling,hungarian,466.0266789999878
warehouse,48,200,inf,3,hungarian,pp,20,5,1,639,200,0,0,31.29890453834116,248.02,189.49,58.53,11706,15132,265,0,0,10,4,0,0,276,12829,619376,460.8295070001186,7.829948999977205,0.7211729374023765,0.3816510172143975,0.47771214306234816,639,30672,0,0,0,0,21,13,18,61,5,0.08037790981009699,scaling,hungarian,477.5503199999948
warehouse,48,200,inf,4,hungarian,pp,20,5,1,570,200,0,0,35.08771929824562,238.205,182.15,56.055,11211,14332,360,0,0,7,4,0,0,243,11354,617873,447.72747699984757,8.023669000031077,0.7854868017541186,0.4097587719298246,0.4722000363964018,570,27360,0,0,0,0,34,12,20,63,4,0.10629574423879426,scaling,hungarian,464.2181999999884
warehouse,48,200,inf,5,hungarian,pp,20,5,1,572,200,0,0,34.96503496503497,243.745,187.47,56.275,11255,14318,307,0,0,7,4,0,0,243,11368,585551,441.19732500010286,8.642814999941038,0.7713239947554246,0.40992861305361306,0.4590373476537386,572,27456,0,0,0,0,23,10,17,78,4,0.0998724362306298,scaling,hungarian,457.23653199999535
warehouse,48,200,inf,1,pact,pp,20,5,1,620,200,0,0,32.25806451612903,264.73,205.375,59.355,11871,15301,320,0,0,5,8,0,0,271,17343,722657,563.4656589999795,122.94862100007595,0.908815579032225,0.39889112903225804,0.3719501455630196,620,29760,0,0,0,0,18,13,19,85,4,0.08413489332758023,scaling,pact,581.4546320000081
warehouse,48,200,inf,2,pact,pp,20,5,1,595,200,0,0,33.61344537815126,265.015,203.8,61.215,12243,15445,359,0,0,9,4,0,0,253,15888,776590,589.7591639999882,127.63345700009086,0.9911918722688878,0.42867647058823527,0.47076158750420555,595,28560,0,0,0,0,18,12,18,114,70,0.11799967991504834,scaling,pact,607.6957850000035
warehouse,48,200,inf,3,pact,pp,20,5,1,660,200,0,0,30.303030303030305,251.81,191.5,60.31,12062,15478,386,0,0,9,4,0,0,273,16913,757676,582.5189360001241,114.84801999996125,0.8826044484850365,0.38074494949494947,0.4719704763956818,660,31680,0,0,0,0,26,15,20,63,5,0.10697790981009636,scaling,pact,600.9714179999864
warehouse,48,200,inf,4,pact,pp,20,5,1,545,200,0,0,36.69724770642202,236.765,181.395,55.37,11074,14473,371,0,0,5,3,0,0,237,15319,749832,564.1363059998694,123.69165200003772,1.0351124880731548,0.42331804281345564,0.46943336972973476,545,26160,0,0,0,0,19,11,24,68,3,0.11365607643593106,scaling,pact,581.1599870000064
warehouse,48,200,inf,5,pact,pp,20,5,1,565,200,0,0,35.39823008849557,244.725,186.96,57.765,11553,14558,339,0,0,7,4,0,0,245,15684,799881,595.9270439999964,126.16765500002657,1.054738130973445,0.42599557522123893,0.4686790143204051,565,27120,0,0,0,0,10,11,19,100,5,0.1292309631150218,scaling,pact,611.7012830000021
