sweep,layout,fleetSize,arrivalRate,variant,alloc,mapf,n,makespan_mean,makespan_std,tasksCompleted_mean,tasksCompleted_std,tasksUnfinished_mean,tasksUnfinished_std,deadlocked_mean,deadlocked_std,throughput_mean,throughput_std,meanServiceTime_mean,meanServiceTime_std,meanWaitTime_mean,meanWaitTime_std,meanExecTime_mean,meanExecTime_std,sumOfCosts_mean,sumOfCosts_std,moveActions_mean,moveActions_std,waitActions_mean,waitActions_std,conflicts_mean,conflicts_std,depletionEvents_mean,depletionEvents_std,chargeSessions_mean,chargeSessions_std,holdEvents_mean,holdEvents_std,cbsFallbacks_mean,cbsFallbacks_std,epochs_mean,epochs_std,astarCalls_mean,astarCalls_std,expansions_mean,expansions_std,plannerMs_mean,plannerMs_std,allocMs_mean,allocMs_std,plannerMsPerTick_mean,plannerMsPerTick_std,utilization_mean,utilization_std,finalMeanSoc_mean,finalMeanSoc_std
scaling,warehouse,4,inf,hungarian,hungarian,pp,5,4083.4,128.9915,200,0,0,0,0,0,4.9019,0.1585,1909.468,63.9901,1845.954,62.0302,63.514,2.2517,12702.8,450.3395,12836,451.7112,18.2,9.7057,0,0,0,0,15.8,0.4472,0,0,0,0,969.6,26.5951,3327.6,87.8738,74597.4,8376.0107,74.671,7.2636,5.4488,0.7652,0.0183,0.0016,0.7776,0.0064,0.6236,0.1048
scaling,warehouse,4,inf,pact,pact,pp,5,4095.4,127.0681,200,0,0,0,0,0,4.8874,0.1558,1914.054,68.0906,1850.513,66.2399,63.541,2.1248,12708.2,424.952,12844.4,475.9672,25,10.9087,0,0,0,0,16,0,0.2,0.4472,0,0,977.2,22.5987,4534.4,71.2973,102556,2226.765,94.297,1.6569,25.3948,0.3984,0.023,0.0006,0.7757,0.0032,0.6502,0.0948
scaling,warehouse,8,inf,hungarian,hungarian,pp,5,2116.4,79.5349,200,0,0,0,0,0,9.461,0.3661,960.252,30.4482,895.88,28.2781,64.372,2.298,12874.4,459.5991,13101.8,452.4347,53.2,15.0067,0,0,0,0,15.8,0.4472,0.2,0.4472,0,0,575.8,23.253,3962,156.7737,137824.8,18896.2326,113.8637,11.6465,5.4928,0.5133,0.0537,0.004,0.7605,0.007,0.6532,0.064
scaling,warehouse,8,inf,pact,pact,pp,5,2106.6,56.1186,200,0,0,0,0,0,9.4994,0.2566,952.209,30.687,888.23,28.8552,63.979,2.0343,12795.8,406.8577,13018.8,403.8406,52,14.1598,0,0,0,0,16,0,0.2,0.4472,0,0,575.8,11.2339,5118,87.3413,152724.2,9956.0944,130.1364,6.3061,26.8143,0.602,0.0618,0.0027,0.7592,0.006,0.6705,0.0482
scaling,warehouse,16,inf,hungarian,hungarian,pp,5,1145,54.7266,200,0,0,0,0,0,17.4983,0.813,490.682,20.3001,424.321,18.3825,66.361,1.9873,13272.2,397.4635,13650.4,489.7359,118.4,19.5269,0,0,0,0,16,0,0.8,1.3038,0,0,372.4,13.6675,5111.6,209.8721,253328.2,25031.2752,194.6177,15.2249,5.9362,0.5507,0.1704,0.017,0.7251,0.0207,0.677,0.0457
scaling,warehouse,16,inf,pact,pact,pp,5,1130.6,35.7183,200,0,0,0,0,0,17.704,0.5655,490.504,21.2685,423.979,19.1424,66.525,2.3159,13305,463.1809,13629.4,478.222,129.6,21.7094,0,0,0,0,16,0,0.8,0.8367,0,0,368.8,7.8549,6249.4,118.6647,283917.2,12791.5718,225.9446,17.1298,31.598,2.6526,0.1998,0.0121,0.7355,0.0077,0.6656,0.0288
scaling,warehouse,24,inf,hungarian,hungarian,pp,5,820.4,75.6062,200,0,0,0,0,0,24.5398,2.1937,339.651,12.6774,268.3,10.5424,71.351,2.1877,14270.2,437.5474,14419.8,645.6576,195.6,20.8279,0,0,0,0,16,3.6056,3,2.4495,0,0,298.2,19.3442,6397.8,239.916,394775.8,17837.8677,287.4757,8.8147,5.7191,0.4572,0.3526,0.0327,0.7285,0.0527,0.5347,0.0777
scaling,warehouse,24,inf,pact,pact,pp,5,803,75.6373,200,0,0,0,0,0,25.0838,2.3581,337.73,12.6042,267.084,11.0344,70.646,1.6356,14129.2,327.1249,14277.2,573.1079,188.4,25.501,0,0,0,0,14.8,3.7683,1.4,0.8944,0,0,294.6,21.3612,7297.2,356.0719,418358.6,28052.5133,307.244,15.4465,27.0256,1.6302,0.386,0.0498,0.7372,0.0533,0.5269,0.0828
scaling,warehouse,32,inf,hungarian,hungarian,pp,5,658.2,54.8151,200,0,0,0,0,0,30.5503,2.4685,283.269,14.1606,217.055,11.9965,66.214,2.4794,13242.8,495.8802,14724.6,620.9672,233.4,37.8061,0,0,0,0,9.8,2.1679,1.8,2.49,0,0,267.2,17.5983,8101.2,441.7722,494993.2,19981.2129,356.9312,9.2276,6.236,0.3216,0.5459,0.0551,0.6314,0.0449,0.4167,0.0328
scaling,warehouse,32,inf,pact,pact,pp,5,663.2,50.321,200,0,0,0,0,0,30.2912,2.215,287.379,12.135,220.096,10.3041,67.283,2.0071,13456.6,401.4291,14937.2,639.2321,273.8,60.2885,0,0,0,0,11,2.8284,4,2.8284,0,0,262.8,14.3248,9281.8,359.2182,553060.6,45504.1574,412.8368,35.8406,41.1986,3.0195,0.6242,0.0587,0.6362,0.0373,0.427,0.0373
scaling,warehouse,40,inf,hungarian,hungarian,pp,5,608.6,47.5584,200,0,0,0,0,0,33.0204,2.5294,259.188,10.0279,198.787,8.9178,60.401,1.4484,12080.2,289.6769,14881.2,538.0072,287,34.7131,0,0,0,0,8,1,3.8,1.3038,0,0,251.8,11.2339,9711.2,406.3351,565833,38006.7907,413.6757,19.8262,7.539,0.3707,0.6836,0.0691,0.4983,0.0358,0.4305,0.0184
scaling,warehouse,40,inf,pact,pact,pp,5,613.4,40.8693,200,0,0,0,0,0,32.7186,2.1281,261.046,12.847,200.043,11.0271,61.003,2.3123,12200.6,462.4514,15102,464.2101,282.6,48.8088,0,0,0,0,9,1.2247,5,2,0,0,257.6,13.1453,12702,621.3288,662288,50083.9538,497.8468,26.0072,82.1268,5.4544,0.8151,0.0758,0.4987,0.0334,0.4421,0.0325
scaling,warehouse,48,inf,hungarian,hungarian,pp,5,603.2,36.3277,200,0,0,0,0,0,33.2515,1.9732,252.225,12.7491,193.609,10.398,58.616,2.4891,11723.2,497.8245,14851,482.6013,310.4,48.8191,0,0,0,0,7.6,1.9494,3.8,1.7889,0,0,257.8,16.5741,12021.4,779.4272,615788.4,20512.5653,462.7971,23.2786,8.9804,0.7232,0.7678,0.023,0.4056,0.0201,0.4563,0.0334
scaling,warehouse,48,inf,pact,pact,pp,5,597,45.3597,200,0,0,0,0,0,33.654,2.524,252.609,12.3961,193.806,10.4874,58.803,2.3052,11760.6,461.047,15051,494.2666,355,26.048,0,0,0,0,7,2,4.6,1.9494,0,0,255.8,15.8493,16229.4,858.8156,761327.2,28983.6325,594.7401,30.1438,125.7446,10.0644,1.0007,0.0871,0.4115,0.0209,0.4506,0.044
